conversation_hash,variant,language,code_index,error_line,error_character,error_id,error_message
0156943a01daf38901b7b87fd9e07e13,original,c,2,7,9,files.c.rules.lang.security.insecure-use-string-copy-fn,"Finding triggers whenever there is a strcpy or strncpy used. This is an issue because strcpy does not affirm the size of the destination array and strncpy will not automatically NULL-terminate strings. This can lead to buffer overflows, which can cause program crashes and potentially let an attacker inject code in the program. Fix this by using strcpy_s instead (although note that strcpy_s is an optional part of the C11 standard, and so may not be available)."
02d13da67693195d0688b526c4684c11,original,c,0,5,5,files.c.rules.lang.security.insecure-use-scanf-fn,"Avoid using 'scanf()'. This function, when used improperly, does not consider buffer boundaries and can lead to buffer overflows. Use 'fgets()' instead for reading input."
02d13da67693195d0688b526c4684c11,original,c,0,9,9,files.c.rules.lang.security.insecure-use-scanf-fn,"Avoid using 'scanf()'. This function, when used improperly, does not consider buffer boundaries and can lead to buffer overflows. Use 'fgets()' instead for reading input."
06f51911ed4c4b84528de118f76f4dbe,original,c,0,50,5,files.c.rules.lang.security.insecure-use-memset,"When handling sensitive information in a buffer, it's important to ensure  that the data is securely erased before the buffer is deleted or reused.  While `memset()` is commonly used for this purpose, it can leave sensitive  information behind due to compiler optimizations or other factors.  To avoid this potential vulnerability, it's recommended to use the  `memset_s()` function instead. `memset_s()` is a standardized function  that securely overwrites the memory with a specified value, making it more  difficult for an attacker to recover any sensitive data that was stored in  the buffer. By using `memset_s()` instead of `memset()`, you can help to  ensure that your application is more secure and less vulnerable to exploits  that rely on residual data in memory."
06f51911ed4c4b84528de118f76f4dbe,original,c,0,61,5,files.c.rules.lang.security.insecure-use-memset,"When handling sensitive information in a buffer, it's important to ensure  that the data is securely erased before the buffer is deleted or reused.  While `memset()` is commonly used for this purpose, it can leave sensitive  information behind due to compiler optimizations or other factors.  To avoid this potential vulnerability, it's recommended to use the  `memset_s()` function instead. `memset_s()` is a standardized function  that securely overwrites the memory with a specified value, making it more  difficult for an attacker to recover any sensitive data that was stored in  the buffer. By using `memset_s()` instead of `memset()`, you can help to  ensure that your application is more secure and less vulnerable to exploits  that rely on residual data in memory."
08774c350291c326f7618a1ce2cd077a,original,c,0,10,5,files.c.rules.lang.security.insecure-use-scanf-fn,"Avoid using 'scanf()'. This function, when used improperly, does not consider buffer boundaries and can lead to buffer overflows. Use 'fgets()' instead for reading input."
0a9b54f75aa8b81f8ce25b53ac63ab77,original,c,0,55,5,files.c.rules.lang.security.insecure-use-scanf-fn,"Avoid using 'scanf()'. This function, when used improperly, does not consider buffer boundaries and can lead to buffer overflows. Use 'fgets()' instead for reading input."
0a9b54f75aa8b81f8ce25b53ac63ab77,original,c,1,62,9,files.c.rules.lang.security.insecure-use-scanf-fn,"Avoid using 'scanf()'. This function, when used improperly, does not consider buffer boundaries and can lead to buffer overflows. Use 'fgets()' instead for reading input."
0eeb7414b228dea2e49788e6382151f5,original,c,0,78,9,files.c.rules.lang.security.insecure-use-scanf-fn,"Avoid using 'scanf()'. This function, when used improperly, does not consider buffer boundaries and can lead to buffer overflows. Use 'fgets()' instead for reading input."
0eeb7414b228dea2e49788e6382151f5,original,c,0,88,9,files.c.rules.lang.security.insecure-use-scanf-fn,"Avoid using 'scanf()'. This function, when used improperly, does not consider buffer boundaries and can lead to buffer overflows. Use 'fgets()' instead for reading input."
1361c852fbac46c9b60ce0f44f4282eb,original,c,0,93,9,files.c.rules.lang.security.insecure-use-memset,"When handling sensitive information in a buffer, it's important to ensure  that the data is securely erased before the buffer is deleted or reused.  While `memset()` is commonly used for this purpose, it can leave sensitive  information behind due to compiler optimizations or other factors.  To avoid this potential vulnerability, it's recommended to use the  `memset_s()` function instead. `memset_s()` is a standardized function  that securely overwrites the memory with a specified value, making it more  difficult for an attacker to recover any sensitive data that was stored in  the buffer. By using `memset_s()` instead of `memset()`, you can help to  ensure that your application is more secure and less vulnerable to exploits  that rely on residual data in memory."
1361c852fbac46c9b60ce0f44f4282eb,original,c,1,34,5,files.c.rules.lang.security.insecure-use-string-copy-fn,"Finding triggers whenever there is a strcpy or strncpy used. This is an issue because strcpy does not affirm the size of the destination array and strncpy will not automatically NULL-terminate strings. This can lead to buffer overflows, which can cause program crashes and potentially let an attacker inject code in the program. Fix this by using strcpy_s instead (although note that strcpy_s is an optional part of the C11 standard, and so may not be available)."
1cb7c42ad386af2d83016d764eb0d1ea,original,c,0,10,5,files.c.rules.lang.security.insecure-use-scanf-fn,"Avoid using 'scanf()'. This function, when used improperly, does not consider buffer boundaries and can lead to buffer overflows. Use 'fgets()' instead for reading input."
1cb7c42ad386af2d83016d764eb0d1ea,original,c,0,12,5,files.c.rules.lang.security.insecure-use-scanf-fn,"Avoid using 'scanf()'. This function, when used improperly, does not consider buffer boundaries and can lead to buffer overflows. Use 'fgets()' instead for reading input."
1cb7c42ad386af2d83016d764eb0d1ea,original,c,0,14,5,files.c.rules.lang.security.insecure-use-scanf-fn,"Avoid using 'scanf()'. This function, when used improperly, does not consider buffer boundaries and can lead to buffer overflows. Use 'fgets()' instead for reading input."
206e93531290b10953ca98d0354bca3c,original,c,0,114,5,files.c.rules.lang.security.insecure-use-scanf-fn,"Avoid using 'scanf()'. This function, when used improperly, does not consider buffer boundaries and can lead to buffer overflows. Use 'fgets()' instead for reading input."
206e93531290b10953ca98d0354bca3c,original,c,0,117,9,files.c.rules.lang.security.insecure-use-scanf-fn,"Avoid using 'scanf()'. This function, when used improperly, does not consider buffer boundaries and can lead to buffer overflows. Use 'fgets()' instead for reading input."
207f5409830d65cc5d734e19b58b656e,original,c,0,8,5,files.c.rules.lang.security.insecure-use-scanf-fn,"Avoid using 'scanf()'. This function, when used improperly, does not consider buffer boundaries and can lead to buffer overflows. Use 'fgets()' instead for reading input."
207f5409830d65cc5d734e19b58b656e,original,c,0,10,5,files.c.rules.lang.security.insecure-use-scanf-fn,"Avoid using 'scanf()'. This function, when used improperly, does not consider buffer boundaries and can lead to buffer overflows. Use 'fgets()' instead for reading input."
207f5409830d65cc5d734e19b58b656e,original,c,2,9,5,files.c.rules.lang.security.insecure-use-scanf-fn,"Avoid using 'scanf()'. This function, when used improperly, does not consider buffer boundaries and can lead to buffer overflows. Use 'fgets()' instead for reading input."
207f5409830d65cc5d734e19b58b656e,original,c,2,11,5,files.c.rules.lang.security.insecure-use-scanf-fn,"Avoid using 'scanf()'. This function, when used improperly, does not consider buffer boundaries and can lead to buffer overflows. Use 'fgets()' instead for reading input."
207f5409830d65cc5d734e19b58b656e,original,c,3,10,5,files.c.rules.lang.security.insecure-use-scanf-fn,"Avoid using 'scanf()'. This function, when used improperly, does not consider buffer boundaries and can lead to buffer overflows. Use 'fgets()' instead for reading input."
21b911f7ccb0a790e8e9f5c03e4d20d4,original,c,0,40,17,files.c.rules.lang.security.insecure-use-scanf-fn,"Avoid using 'scanf()'. This function, when used improperly, does not consider buffer boundaries and can lead to buffer overflows. Use 'fgets()' instead for reading input."
21b911f7ccb0a790e8e9f5c03e4d20d4,original,c,0,51,17,files.c.rules.lang.security.insecure-use-scanf-fn,"Avoid using 'scanf()'. This function, when used improperly, does not consider buffer boundaries and can lead to buffer overflows. Use 'fgets()' instead for reading input."
25407f3140afb2bbe56c231a21be35cf,original,c,1,6,5,files.c.rules.lang.security.insecure-use-scanf-fn,"Avoid using 'scanf()'. This function, when used improperly, does not consider buffer boundaries and can lead to buffer overflows. Use 'fgets()' instead for reading input."
25407f3140afb2bbe56c231a21be35cf,original,c,2,11,5,files.c.rules.lang.security.insecure-use-scanf-fn,"Avoid using 'scanf()'. This function, when used improperly, does not consider buffer boundaries and can lead to buffer overflows. Use 'fgets()' instead for reading input."
25407f3140afb2bbe56c231a21be35cf,original,c,4,9,9,files.c.rules.lang.security.insecure-use-scanf-fn,"Avoid using 'scanf()'. This function, when used improperly, does not consider buffer boundaries and can lead to buffer overflows. Use 'fgets()' instead for reading input."
286669c68ede1b624b01d49ad0fbc072,original,c,0,5,5,files.c.rules.lang.security.insecure-use-scanf-fn,"Avoid using 'scanf()'. This function, when used improperly, does not consider buffer boundaries and can lead to buffer overflows. Use 'fgets()' instead for reading input."
286669c68ede1b624b01d49ad0fbc072,original,c,0,8,9,files.c.rules.lang.security.insecure-use-scanf-fn,"Avoid using 'scanf()'. This function, when used improperly, does not consider buffer boundaries and can lead to buffer overflows. Use 'fgets()' instead for reading input."
286669c68ede1b624b01d49ad0fbc072,original,c,1,5,5,files.c.rules.lang.security.insecure-use-scanf-fn,"Avoid using 'scanf()'. This function, when used improperly, does not consider buffer boundaries and can lead to buffer overflows. Use 'fgets()' instead for reading input."
286669c68ede1b624b01d49ad0fbc072,original,c,1,9,9,files.c.rules.lang.security.insecure-use-scanf-fn,"Avoid using 'scanf()'. This function, when used improperly, does not consider buffer boundaries and can lead to buffer overflows. Use 'fgets()' instead for reading input."
286669c68ede1b624b01d49ad0fbc072,original,c,2,7,5,files.c.rules.lang.security.insecure-use-scanf-fn,"Avoid using 'scanf()'. This function, when used improperly, does not consider buffer boundaries and can lead to buffer overflows. Use 'fgets()' instead for reading input."
286669c68ede1b624b01d49ad0fbc072,original,c,3,9,5,files.c.rules.lang.security.insecure-use-scanf-fn,"Avoid using 'scanf()'. This function, when used improperly, does not consider buffer boundaries and can lead to buffer overflows. Use 'fgets()' instead for reading input."
286669c68ede1b624b01d49ad0fbc072,original,c,3,16,9,files.c.rules.lang.security.insecure-use-scanf-fn,"Avoid using 'scanf()'. This function, when used improperly, does not consider buffer boundaries and can lead to buffer overflows. Use 'fgets()' instead for reading input."
286669c68ede1b624b01d49ad0fbc072,original,c,3,30,13,files.c.rules.lang.security.insecure-use-string-copy-fn,"Finding triggers whenever there is a strcpy or strncpy used. This is an issue because strcpy does not affirm the size of the destination array and strncpy will not automatically NULL-terminate strings. This can lead to buffer overflows, which can cause program crashes and potentially let an attacker inject code in the program. Fix this by using strcpy_s instead (although note that strcpy_s is an optional part of the C11 standard, and so may not be available)."
2b3e6ea0a35d10cc79d19d2793ed59c5,original,c,0,34,5,files.c.rules.lang.security.insecure-use-scanf-fn,"Avoid using 'scanf()'. This function, when used improperly, does not consider buffer boundaries and can lead to buffer overflows. Use 'fgets()' instead for reading input."
2b3e6ea0a35d10cc79d19d2793ed59c5,original,c,0,40,13,files.c.rules.lang.security.insecure-use-scanf-fn,"Avoid using 'scanf()'. This function, when used improperly, does not consider buffer boundaries and can lead to buffer overflows. Use 'fgets()' instead for reading input."
2b3e6ea0a35d10cc79d19d2793ed59c5,original,c,0,50,5,files.c.rules.lang.security.insecure-use-scanf-fn,"Avoid using 'scanf()'. This function, when used improperly, does not consider buffer boundaries and can lead to buffer overflows. Use 'fgets()' instead for reading input."
2b80bcc6ea1ba03079b6ef16fb07ad2b,original,c,0,8,5,files.c.rules.lang.security.insecure-use-scanf-fn,"Avoid using 'scanf()'. This function, when used improperly, does not consider buffer boundaries and can lead to buffer overflows. Use 'fgets()' instead for reading input."
2b80bcc6ea1ba03079b6ef16fb07ad2b,original,c,0,11,5,files.c.rules.lang.security.insecure-use-scanf-fn,"Avoid using 'scanf()'. This function, when used improperly, does not consider buffer boundaries and can lead to buffer overflows. Use 'fgets()' instead for reading input."
2b80bcc6ea1ba03079b6ef16fb07ad2b,original,c,0,16,13,files.c.rules.lang.security.insecure-use-scanf-fn,"Avoid using 'scanf()'. This function, when used improperly, does not consider buffer boundaries and can lead to buffer overflows. Use 'fgets()' instead for reading input."
2b80bcc6ea1ba03079b6ef16fb07ad2b,original,c,0,23,13,files.c.rules.lang.security.insecure-use-scanf-fn,"Avoid using 'scanf()'. This function, when used improperly, does not consider buffer boundaries and can lead to buffer overflows. Use 'fgets()' instead for reading input."
2bca2dac55108512d3c5ea622d8efcd5,original,c,1,12,5,files.c.rules.lang.security.insecure-use-scanf-fn,"Avoid using 'scanf()'. This function, when used improperly, does not consider buffer boundaries and can lead to buffer overflows. Use 'fgets()' instead for reading input."
2e72b12c55b8d5d63f098421e1b459bc,original,c,0,25,5,files.c.rules.lang.security.insecure-use-memset,"When handling sensitive information in a buffer, it's important to ensure  that the data is securely erased before the buffer is deleted or reused.  While `memset()` is commonly used for this purpose, it can leave sensitive  information behind due to compiler optimizations or other factors.  To avoid this potential vulnerability, it's recommended to use the  `memset_s()` function instead. `memset_s()` is a standardized function  that securely overwrites the memory with a specified value, making it more  difficult for an attacker to recover any sensitive data that was stored in  the buffer. By using `memset_s()` instead of `memset()`, you can help to  ensure that your application is more secure and less vulnerable to exploits  that rely on residual data in memory."
31d2758120c96f666fbc8f0d9515a3ff,original,c,0,24,5,files.c.rules.lang.security.insecure-use-scanf-fn,"Avoid using 'scanf()'. This function, when used improperly, does not consider buffer boundaries and can lead to buffer overflows. Use 'fgets()' instead for reading input."
31d2758120c96f666fbc8f0d9515a3ff,original,c,0,26,5,files.c.rules.lang.security.insecure-use-scanf-fn,"Avoid using 'scanf()'. This function, when used improperly, does not consider buffer boundaries and can lead to buffer overflows. Use 'fgets()' instead for reading input."
31d2758120c96f666fbc8f0d9515a3ff,original,c,0,28,5,files.c.rules.lang.security.insecure-use-scanf-fn,"Avoid using 'scanf()'. This function, when used improperly, does not consider buffer boundaries and can lead to buffer overflows. Use 'fgets()' instead for reading input."
326a8a59cfdaf14d5bc4c25ae049aac7,original,c,0,14,17,files.c.rules.lang.security.insecure-use-string-copy-fn,"Finding triggers whenever there is a strcpy or strncpy used. This is an issue because strcpy does not affirm the size of the destination array and strncpy will not automatically NULL-terminate strings. This can lead to buffer overflows, which can cause program crashes and potentially let an attacker inject code in the program. Fix this by using strcpy_s instead (although note that strcpy_s is an optional part of the C11 standard, and so may not be available)."
326a8a59cfdaf14d5bc4c25ae049aac7,original,c,0,18,21,files.c.rules.lang.security.insecure-use-strcat-fn,Finding triggers whenever there is a strcat or strncat used. This is an issue because strcat or strncat can lead to buffer overflow vulns. Fix this by using strcat_s instead.
326a8a59cfdaf14d5bc4c25ae049aac7,original,c,0,19,21,files.c.rules.lang.security.insecure-use-strcat-fn,Finding triggers whenever there is a strcat or strncat used. This is an issue because strcat or strncat can lead to buffer overflow vulns. Fix this by using strcat_s instead.
326a8a59cfdaf14d5bc4c25ae049aac7,original,c,0,20,21,files.c.rules.lang.security.insecure-use-strcat-fn,Finding triggers whenever there is a strcat or strncat used. This is an issue because strcat or strncat can lead to buffer overflow vulns. Fix this by using strcat_s instead.
326a8a59cfdaf14d5bc4c25ae049aac7,original,c,0,22,21,files.c.rules.lang.security.insecure-use-strcat-fn,Finding triggers whenever there is a strcat or strncat used. This is an issue because strcat or strncat can lead to buffer overflow vulns. Fix this by using strcat_s instead.
326a8a59cfdaf14d5bc4c25ae049aac7,original,c,0,24,21,files.c.rules.lang.security.insecure-use-strcat-fn,Finding triggers whenever there is a strcat or strncat used. This is an issue because strcat or strncat can lead to buffer overflow vulns. Fix this by using strcat_s instead.
326a8a59cfdaf14d5bc4c25ae049aac7,original,c,0,27,17,files.c.rules.lang.security.insecure-use-string-copy-fn,"Finding triggers whenever there is a strcpy or strncpy used. This is an issue because strcpy does not affirm the size of the destination array and strncpy will not automatically NULL-terminate strings. This can lead to buffer overflows, which can cause program crashes and potentially let an attacker inject code in the program. Fix this by using strcpy_s instead (although note that strcpy_s is an optional part of the C11 standard, and so may not be available)."
32e195b79f04a7304717e6fb4d20adc4,original,c,0,26,9,files.c.rules.lang.security.insecure-use-scanf-fn,"Avoid using 'scanf()'. This function, when used improperly, does not consider buffer boundaries and can lead to buffer overflows. Use 'fgets()' instead for reading input."
34dd12415bd2f6f0ded8e2c637889263,original,c,3,7,5,files.c.rules.lang.security.insecure-use-scanf-fn,"Avoid using 'scanf()'. This function, when used improperly, does not consider buffer boundaries and can lead to buffer overflows. Use 'fgets()' instead for reading input."
34dd12415bd2f6f0ded8e2c637889263,original,c,3,13,9,files.c.rules.lang.security.insecure-use-string-copy-fn,"Finding triggers whenever there is a strcpy or strncpy used. This is an issue because strcpy does not affirm the size of the destination array and strncpy will not automatically NULL-terminate strings. This can lead to buffer overflows, which can cause program crashes and potentially let an attacker inject code in the program. Fix this by using strcpy_s instead (although note that strcpy_s is an optional part of the C11 standard, and so may not be available)."
3d33868e89eb90de1e0f6d84b8b77953,original,c,0,8,5,files.c.rules.lang.security.insecure-use-scanf-fn,"Avoid using 'scanf()'. This function, when used improperly, does not consider buffer boundaries and can lead to buffer overflows. Use 'fgets()' instead for reading input."
3d33868e89eb90de1e0f6d84b8b77953,original,c,1,8,5,files.c.rules.lang.security.insecure-use-scanf-fn,"Avoid using 'scanf()'. This function, when used improperly, does not consider buffer boundaries and can lead to buffer overflows. Use 'fgets()' instead for reading input."
3d33868e89eb90de1e0f6d84b8b77953,original,c,1,10,5,files.c.rules.lang.security.insecure-use-scanf-fn,"Avoid using 'scanf()'. This function, when used improperly, does not consider buffer boundaries and can lead to buffer overflows. Use 'fgets()' instead for reading input."
3d33868e89eb90de1e0f6d84b8b77953,original,c,1,12,5,files.c.rules.lang.security.insecure-use-scanf-fn,"Avoid using 'scanf()'. This function, when used improperly, does not consider buffer boundaries and can lead to buffer overflows. Use 'fgets()' instead for reading input."
42ec741b9a140778d3949fb89c00632c,original,c,0,14,5,files.c.rules.lang.security.insecure-use-scanf-fn,"Avoid using 'scanf()'. This function, when used improperly, does not consider buffer boundaries and can lead to buffer overflows. Use 'fgets()' instead for reading input."
42ec741b9a140778d3949fb89c00632c,original,c,1,14,5,files.c.rules.lang.security.insecure-use-scanf-fn,"Avoid using 'scanf()'. This function, when used improperly, does not consider buffer boundaries and can lead to buffer overflows. Use 'fgets()' instead for reading input."
43d4855d9a006d527cf1688df18a7355,original,c,0,68,5,files.c.rules.lang.security.insecure-use-scanf-fn,"Avoid using 'scanf()'. This function, when used improperly, does not consider buffer boundaries and can lead to buffer overflows. Use 'fgets()' instead for reading input."
4578b45e070acbdece7b719f57671dad,original,c,0,27,5,files.c.rules.lang.security.insecure-use-scanf-fn,"Avoid using 'scanf()'. This function, when used improperly, does not consider buffer boundaries and can lead to buffer overflows. Use 'fgets()' instead for reading input."
4578b45e070acbdece7b719f57671dad,original,c,0,32,9,files.c.rules.lang.security.insecure-use-scanf-fn,"Avoid using 'scanf()'. This function, when used improperly, does not consider buffer boundaries and can lead to buffer overflows. Use 'fgets()' instead for reading input."
47bf136a2bff622992d0f5dc430d72e3,original,c,0,38,13,files.c.rules.lang.security.insecure-use-strtok-fn,"Avoid using 'strtok()'. This function directly modifies the first argument buffer, permanently erasing the delimiter character. Use 'strtok_r()' instead."
47bf136a2bff622992d0f5dc430d72e3,original,c,0,45,17,files.c.rules.lang.security.insecure-use-strtok-fn,"Avoid using 'strtok()'. This function directly modifies the first argument buffer, permanently erasing the delimiter character. Use 'strtok_r()' instead."
47bf136a2bff622992d0f5dc430d72e3,original,c,1,5,1,files.c.rules.lang.security.insecure-use-memset,"When handling sensitive information in a buffer, it's important to ensure  that the data is securely erased before the buffer is deleted or reused.  While `memset()` is commonly used for this purpose, it can leave sensitive  information behind due to compiler optimizations or other factors.  To avoid this potential vulnerability, it's recommended to use the  `memset_s()` function instead. `memset_s()` is a standardized function  that securely overwrites the memory with a specified value, making it more  difficult for an attacker to recover any sensitive data that was stored in  the buffer. By using `memset_s()` instead of `memset()`, you can help to  ensure that your application is more secure and less vulnerable to exploits  that rely on residual data in memory."
4bd1046d2c32f97c9ee3e62cc5d606f7,original,c,0,8,5,files.c.rules.lang.security.insecure-use-scanf-fn,"Avoid using 'scanf()'. This function, when used improperly, does not consider buffer boundaries and can lead to buffer overflows. Use 'fgets()' instead for reading input."
4bd1046d2c32f97c9ee3e62cc5d606f7,original,c,0,12,9,files.c.rules.lang.security.insecure-use-scanf-fn,"Avoid using 'scanf()'. This function, when used improperly, does not consider buffer boundaries and can lead to buffer overflows. Use 'fgets()' instead for reading input."
4bd1046d2c32f97c9ee3e62cc5d606f7,original,c,3,9,5,files.c.rules.lang.security.insecure-use-scanf-fn,"Avoid using 'scanf()'. This function, when used improperly, does not consider buffer boundaries and can lead to buffer overflows. Use 'fgets()' instead for reading input."
4bd1046d2c32f97c9ee3e62cc5d606f7,original,c,3,12,9,files.c.rules.lang.security.insecure-use-scanf-fn,"Avoid using 'scanf()'. This function, when used improperly, does not consider buffer boundaries and can lead to buffer overflows. Use 'fgets()' instead for reading input."
50e8334156f3db9b2bb58831e938a3eb,original,c,1,28,13,files.c.rules.lang.security.insecure-use-string-copy-fn,"Finding triggers whenever there is a strcpy or strncpy used. This is an issue because strcpy does not affirm the size of the destination array and strncpy will not automatically NULL-terminate strings. This can lead to buffer overflows, which can cause program crashes and potentially let an attacker inject code in the program. Fix this by using strcpy_s instead (although note that strcpy_s is an optional part of the C11 standard, and so may not be available)."
50e8334156f3db9b2bb58831e938a3eb,original,c,1,45,5,files.c.rules.lang.security.insecure-use-scanf-fn,"Avoid using 'scanf()'. This function, when used improperly, does not consider buffer boundaries and can lead to buffer overflows. Use 'fgets()' instead for reading input."
50e8334156f3db9b2bb58831e938a3eb,original,c,1,47,5,files.c.rules.lang.security.insecure-use-scanf-fn,"Avoid using 'scanf()'. This function, when used improperly, does not consider buffer boundaries and can lead to buffer overflows. Use 'fgets()' instead for reading input."
550e7b6e3349428b0d8977f6d4432e19,original,c,0,32,5,files.c.rules.lang.security.insecure-use-string-copy-fn,"Finding triggers whenever there is a strcpy or strncpy used. This is an issue because strcpy does not affirm the size of the destination array and strncpy will not automatically NULL-terminate strings. This can lead to buffer overflows, which can cause program crashes and potentially let an attacker inject code in the program. Fix this by using strcpy_s instead (although note that strcpy_s is an optional part of the C11 standard, and so may not be available)."
55881cc7c7b7e825b0b1b8414fbdcd16,original,c,0,22,5,files.c.rules.lang.security.insecure-use-memset,"When handling sensitive information in a buffer, it's important to ensure  that the data is securely erased before the buffer is deleted or reused.  While `memset()` is commonly used for this purpose, it can leave sensitive  information behind due to compiler optimizations or other factors.  To avoid this potential vulnerability, it's recommended to use the  `memset_s()` function instead. `memset_s()` is a standardized function  that securely overwrites the memory with a specified value, making it more  difficult for an attacker to recover any sensitive data that was stored in  the buffer. By using `memset_s()` instead of `memset()`, you can help to  ensure that your application is more secure and less vulnerable to exploits  that rely on residual data in memory."
5701f56ebb55add14525281a31aa58ab,original,c,0,49,5,files.c.rules.lang.security.insecure-use-string-copy-fn,"Finding triggers whenever there is a strcpy or strncpy used. This is an issue because strcpy does not affirm the size of the destination array and strncpy will not automatically NULL-terminate strings. This can lead to buffer overflows, which can cause program crashes and potentially let an attacker inject code in the program. Fix this by using strcpy_s instead (although note that strcpy_s is an optional part of the C11 standard, and so may not be available)."
5701f56ebb55add14525281a31aa58ab,original,c,0,50,5,files.c.rules.lang.security.insecure-use-strcat-fn,Finding triggers whenever there is a strcat or strncat used. This is an issue because strcat or strncat can lead to buffer overflow vulns. Fix this by using strcat_s instead.
5e5c1e86c4e9024ae9c09651dcefccf8,original,c,0,53,12,files.c.rules.lang.security.insecure-use-scanf-fn,"Avoid using 'scanf()'. This function, when used improperly, does not consider buffer boundaries and can lead to buffer overflows. Use 'fgets()' instead for reading input."
5e5c1e86c4e9024ae9c09651dcefccf8,original,c,0,60,5,files.c.rules.lang.security.insecure-use-scanf-fn,"Avoid using 'scanf()'. This function, when used improperly, does not consider buffer boundaries and can lead to buffer overflows. Use 'fgets()' instead for reading input."
635f0472a6ac02242563417747b2e5d1,original,c,0,31,9,files.c.rules.lang.security.insecure-use-string-copy-fn,"Finding triggers whenever there is a strcpy or strncpy used. This is an issue because strcpy does not affirm the size of the destination array and strncpy will not automatically NULL-terminate strings. This can lead to buffer overflows, which can cause program crashes and potentially let an attacker inject code in the program. Fix this by using strcpy_s instead (although note that strcpy_s is an optional part of the C11 standard, and so may not be available)."
635f0472a6ac02242563417747b2e5d1,original,c,0,47,5,files.c.rules.lang.security.insecure-use-scanf-fn,"Avoid using 'scanf()'. This function, when used improperly, does not consider buffer boundaries and can lead to buffer overflows. Use 'fgets()' instead for reading input."
692b3ee61e4229012362b68be166334e,original,c,0,26,9,files.c.rules.lang.security.insecure-use-scanf-fn,"Avoid using 'scanf()'. This function, when used improperly, does not consider buffer boundaries and can lead to buffer overflows. Use 'fgets()' instead for reading input."
692b3ee61e4229012362b68be166334e,original,c,0,33,13,files.c.rules.lang.security.insecure-use-scanf-fn,"Avoid using 'scanf()'. This function, when used improperly, does not consider buffer boundaries and can lead to buffer overflows. Use 'fgets()' instead for reading input."
692b3ee61e4229012362b68be166334e,original,c,0,35,13,files.c.rules.lang.security.insecure-use-scanf-fn,"Avoid using 'scanf()'. This function, when used improperly, does not consider buffer boundaries and can lead to buffer overflows. Use 'fgets()' instead for reading input."
692b3ee61e4229012362b68be166334e,original,c,0,45,13,files.c.rules.lang.security.insecure-use-scanf-fn,"Avoid using 'scanf()'. This function, when used improperly, does not consider buffer boundaries and can lead to buffer overflows. Use 'fgets()' instead for reading input."
692b3ee61e4229012362b68be166334e,original,c,3,12,5,files.c.rules.lang.security.insecure-use-string-copy-fn,"Finding triggers whenever there is a strcpy or strncpy used. This is an issue because strcpy does not affirm the size of the destination array and strncpy will not automatically NULL-terminate strings. This can lead to buffer overflows, which can cause program crashes and potentially let an attacker inject code in the program. Fix this by using strcpy_s instead (although note that strcpy_s is an optional part of the C11 standard, and so may not be available)."
692b3ee61e4229012362b68be166334e,original,c,3,13,5,files.c.rules.lang.security.insecure-use-string-copy-fn,"Finding triggers whenever there is a strcpy or strncpy used. This is an issue because strcpy does not affirm the size of the destination array and strncpy will not automatically NULL-terminate strings. This can lead to buffer overflows, which can cause program crashes and potentially let an attacker inject code in the program. Fix this by using strcpy_s instead (although note that strcpy_s is an optional part of the C11 standard, and so may not be available)."
692b3ee61e4229012362b68be166334e,original,c,5,11,5,files.c.rules.lang.security.insecure-use-string-copy-fn,"Finding triggers whenever there is a strcpy or strncpy used. This is an issue because strcpy does not affirm the size of the destination array and strncpy will not automatically NULL-terminate strings. This can lead to buffer overflows, which can cause program crashes and potentially let an attacker inject code in the program. Fix this by using strcpy_s instead (although note that strcpy_s is an optional part of the C11 standard, and so may not be available)."
692b3ee61e4229012362b68be166334e,original,c,5,12,5,files.c.rules.lang.security.insecure-use-string-copy-fn,"Finding triggers whenever there is a strcpy or strncpy used. This is an issue because strcpy does not affirm the size of the destination array and strncpy will not automatically NULL-terminate strings. This can lead to buffer overflows, which can cause program crashes and potentially let an attacker inject code in the program. Fix this by using strcpy_s instead (although note that strcpy_s is an optional part of the C11 standard, and so may not be available)."
6c659b7b37624777840f3a2d060bb183,original,c,0,8,5,files.c.rules.lang.security.insecure-use-scanf-fn,"Avoid using 'scanf()'. This function, when used improperly, does not consider buffer boundaries and can lead to buffer overflows. Use 'fgets()' instead for reading input."
6caab6f6c07882fbc311ad581ad39a2e,original,c,0,19,5,files.c.rules.lang.security.insecure-use-scanf-fn,"Avoid using 'scanf()'. This function, when used improperly, does not consider buffer boundaries and can lead to buffer overflows. Use 'fgets()' instead for reading input."
6d7d6cbc166d5beb29bf09c71769c6e0,original,c,0,33,5,files.c.rules.lang.security.insecure-use-scanf-fn,"Avoid using 'scanf()'. This function, when used improperly, does not consider buffer boundaries and can lead to buffer overflows. Use 'fgets()' instead for reading input."
6da5f87950c373cf1a9bd70b59c2ffa5,original,c,0,60,5,files.c.rules.lang.security.insecure-use-scanf-fn,"Avoid using 'scanf()'. This function, when used improperly, does not consider buffer boundaries and can lead to buffer overflows. Use 'fgets()' instead for reading input."
6da5f87950c373cf1a9bd70b59c2ffa5,original,c,0,64,9,files.c.rules.lang.security.insecure-use-scanf-fn,"Avoid using 'scanf()'. This function, when used improperly, does not consider buffer boundaries and can lead to buffer overflows. Use 'fgets()' instead for reading input."
7086bd4cd946c38746868817da8bac78,original,c,0,24,5,files.c.rules.lang.security.insecure-use-string-copy-fn,"Finding triggers whenever there is a strcpy or strncpy used. This is an issue because strcpy does not affirm the size of the destination array and strncpy will not automatically NULL-terminate strings. This can lead to buffer overflows, which can cause program crashes and potentially let an attacker inject code in the program. Fix this by using strcpy_s instead (although note that strcpy_s is an optional part of the C11 standard, and so may not be available)."
7086bd4cd946c38746868817da8bac78,original,c,0,27,13,files.c.rules.lang.security.insecure-use-strtok-fn,"Avoid using 'strtok()'. This function directly modifies the first argument buffer, permanently erasing the delimiter character. Use 'strtok_r()' instead."
7086bd4cd946c38746868817da8bac78,original,c,0,31,13,files.c.rules.lang.security.insecure-use-strcat-fn,Finding triggers whenever there is a strcat or strncat used. This is an issue because strcat or strncat can lead to buffer overflow vulns. Fix this by using strcat_s instead.
7086bd4cd946c38746868817da8bac78,original,c,0,33,9,files.c.rules.lang.security.insecure-use-strcat-fn,Finding triggers whenever there is a strcat or strncat used. This is an issue because strcat or strncat can lead to buffer overflow vulns. Fix this by using strcat_s instead.
7086bd4cd946c38746868817da8bac78,original,c,0,51,17,files.c.rules.lang.security.insecure-use-string-copy-fn,"Finding triggers whenever there is a strcpy or strncpy used. This is an issue because strcpy does not affirm the size of the destination array and strncpy will not automatically NULL-terminate strings. This can lead to buffer overflows, which can cause program crashes and potentially let an attacker inject code in the program. Fix this by using strcpy_s instead (although note that strcpy_s is an optional part of the C11 standard, and so may not be available)."
7086bd4cd946c38746868817da8bac78,original,c,0,57,17,files.c.rules.lang.security.insecure-use-strtok-fn,"Avoid using 'strtok()'. This function directly modifies the first argument buffer, permanently erasing the delimiter character. Use 'strtok_r()' instead."
7086bd4cd946c38746868817da8bac78,original,c,0,67,5,files.c.rules.lang.security.insecure-use-scanf-fn,"Avoid using 'scanf()'. This function, when used improperly, does not consider buffer boundaries and can lead to buffer overflows. Use 'fgets()' instead for reading input."
75f5bc2b998d4a63eb5baa04c01041b6,original,c,0,9,5,files.c.rules.lang.security.insecure-use-string-copy-fn,"Finding triggers whenever there is a strcpy or strncpy used. This is an issue because strcpy does not affirm the size of the destination array and strncpy will not automatically NULL-terminate strings. This can lead to buffer overflows, which can cause program crashes and potentially let an attacker inject code in the program. Fix this by using strcpy_s instead (although note that strcpy_s is an optional part of the C11 standard, and so may not be available)."
75f5bc2b998d4a63eb5baa04c01041b6,original,c,1,5,5,files.c.rules.lang.security.insecure-use-string-copy-fn,"Finding triggers whenever there is a strcpy or strncpy used. This is an issue because strcpy does not affirm the size of the destination array and strncpy will not automatically NULL-terminate strings. This can lead to buffer overflows, which can cause program crashes and potentially let an attacker inject code in the program. Fix this by using strcpy_s instead (although note that strcpy_s is an optional part of the C11 standard, and so may not be available)."
771935bd04639614c319a1b04164edc7,original,c,0,29,5,files.c.rules.lang.security.insecure-use-scanf-fn,"Avoid using 'scanf()'. This function, when used improperly, does not consider buffer boundaries and can lead to buffer overflows. Use 'fgets()' instead for reading input."
7855d14c2bad1789dd43c992f77afcfb,original,c,0,31,5,files.c.rules.lang.security.insecure-use-memset,"When handling sensitive information in a buffer, it's important to ensure  that the data is securely erased before the buffer is deleted or reused.  While `memset()` is commonly used for this purpose, it can leave sensitive  information behind due to compiler optimizations or other factors.  To avoid this potential vulnerability, it's recommended to use the  `memset_s()` function instead. `memset_s()` is a standardized function  that securely overwrites the memory with a specified value, making it more  difficult for an attacker to recover any sensitive data that was stored in  the buffer. By using `memset_s()` instead of `memset()`, you can help to  ensure that your application is more secure and less vulnerable to exploits  that rely on residual data in memory."
7c6f83f4c05ba4895518cfc552920b29,original,c,0,51,5,files.c.rules.lang.security.insecure-use-scanf-fn,"Avoid using 'scanf()'. This function, when used improperly, does not consider buffer boundaries and can lead to buffer overflows. Use 'fgets()' instead for reading input."
7e249cf17748de91fb0a3c5ff9ded1de,original,c,4,13,8,files.c.rules.lang.security.insecure-use-string-copy-fn,"Finding triggers whenever there is a strcpy or strncpy used. This is an issue because strcpy does not affirm the size of the destination array and strncpy will not automatically NULL-terminate strings. This can lead to buffer overflows, which can cause program crashes and potentially let an attacker inject code in the program. Fix this by using strcpy_s instead (although note that strcpy_s is an optional part of the C11 standard, and so may not be available)."
7e249cf17748de91fb0a3c5ff9ded1de,original,c,4,14,8,files.c.rules.lang.security.insecure-use-strcat-fn,Finding triggers whenever there is a strcat or strncat used. This is an issue because strcat or strncat can lead to buffer overflow vulns. Fix this by using strcat_s instead.
7e249cf17748de91fb0a3c5ff9ded1de,original,c,4,15,8,files.c.rules.lang.security.insecure-use-strcat-fn,Finding triggers whenever there is a strcat or strncat used. This is an issue because strcat or strncat can lead to buffer overflow vulns. Fix this by using strcat_s instead.
7ed5081cc0c43401b3688042a2383a41,original,c,0,23,5,files.c.rules.lang.security.insecure-use-memset,"When handling sensitive information in a buffer, it's important to ensure  that the data is securely erased before the buffer is deleted or reused.  While `memset()` is commonly used for this purpose, it can leave sensitive  information behind due to compiler optimizations or other factors.  To avoid this potential vulnerability, it's recommended to use the  `memset_s()` function instead. `memset_s()` is a standardized function  that securely overwrites the memory with a specified value, making it more  difficult for an attacker to recover any sensitive data that was stored in  the buffer. By using `memset_s()` instead of `memset()`, you can help to  ensure that your application is more secure and less vulnerable to exploits  that rely on residual data in memory."
8352f44dfbd8788111fc417f6d546461,original,c,0,29,5,files.c.rules.lang.security.insecure-use-scanf-fn,"Avoid using 'scanf()'. This function, when used improperly, does not consider buffer boundaries and can lead to buffer overflows. Use 'fgets()' instead for reading input."
862ad956613189a712eb1c29f6ab3ec7,original,c,0,100,5,files.c.rules.lang.security.insecure-use-scanf-fn,"Avoid using 'scanf()'. This function, when used improperly, does not consider buffer boundaries and can lead to buffer overflows. Use 'fgets()' instead for reading input."
862ad956613189a712eb1c29f6ab3ec7,original,c,0,105,9,files.c.rules.lang.security.insecure-use-scanf-fn,"Avoid using 'scanf()'. This function, when used improperly, does not consider buffer boundaries and can lead to buffer overflows. Use 'fgets()' instead for reading input."
862ad956613189a712eb1c29f6ab3ec7,original,c,0,109,5,files.c.rules.lang.security.insecure-use-scanf-fn,"Avoid using 'scanf()'. This function, when used improperly, does not consider buffer boundaries and can lead to buffer overflows. Use 'fgets()' instead for reading input."
874267e7fac8231b4c371978f451970a,original,c,0,127,9,files.c.rules.lang.security.insecure-use-scanf-fn,"Avoid using 'scanf()'. This function, when used improperly, does not consider buffer boundaries and can lead to buffer overflows. Use 'fgets()' instead for reading input."
875b3fd08c9233f657e7472870e8adba,original,c,0,12,9,files.c.rules.lang.security.insecure-use-scanf-fn,"Avoid using 'scanf()'. This function, when used improperly, does not consider buffer boundaries and can lead to buffer overflows. Use 'fgets()' instead for reading input."
87a0d9da24c41bbc9cc28c717b81708d,original,c,4,1,1,files.c.rules.lang.security.insecure-use-memset,"When handling sensitive information in a buffer, it's important to ensure  that the data is securely erased before the buffer is deleted or reused.  While `memset()` is commonly used for this purpose, it can leave sensitive  information behind due to compiler optimizations or other factors.  To avoid this potential vulnerability, it's recommended to use the  `memset_s()` function instead. `memset_s()` is a standardized function  that securely overwrites the memory with a specified value, making it more  difficult for an attacker to recover any sensitive data that was stored in  the buffer. By using `memset_s()` instead of `memset()`, you can help to  ensure that your application is more secure and less vulnerable to exploits  that rely on residual data in memory."
87a0d9da24c41bbc9cc28c717b81708d,original,c,4,4,1,files.c.rules.lang.security.insecure-use-memset,"When handling sensitive information in a buffer, it's important to ensure  that the data is securely erased before the buffer is deleted or reused.  While `memset()` is commonly used for this purpose, it can leave sensitive  information behind due to compiler optimizations or other factors.  To avoid this potential vulnerability, it's recommended to use the  `memset_s()` function instead. `memset_s()` is a standardized function  that securely overwrites the memory with a specified value, making it more  difficult for an attacker to recover any sensitive data that was stored in  the buffer. By using `memset_s()` instead of `memset()`, you can help to  ensure that your application is more secure and less vulnerable to exploits  that rely on residual data in memory."
89bf7dfd45b747e5fe1e52e2f95b59ed,original,c,0,9,5,files.c.rules.lang.security.insecure-use-scanf-fn,"Avoid using 'scanf()'. This function, when used improperly, does not consider buffer boundaries and can lead to buffer overflows. Use 'fgets()' instead for reading input."
89bf7dfd45b747e5fe1e52e2f95b59ed,original,c,0,12,5,files.c.rules.lang.security.insecure-use-scanf-fn,"Avoid using 'scanf()'. This function, when used improperly, does not consider buffer boundaries and can lead to buffer overflows. Use 'fgets()' instead for reading input."
8c54abb337e5213fae34cfe5ad0577bc,original,c,0,22,5,files.c.rules.lang.security.insecure-use-scanf-fn,"Avoid using 'scanf()'. This function, when used improperly, does not consider buffer boundaries and can lead to buffer overflows. Use 'fgets()' instead for reading input."
8c84403efaa2d8a06990b039d89e690c,original,c,0,72,5,files.c.rules.lang.security.insecure-use-scanf-fn,"Avoid using 'scanf()'. This function, when used improperly, does not consider buffer boundaries and can lead to buffer overflows. Use 'fgets()' instead for reading input."
8c84403efaa2d8a06990b039d89e690c,original,c,0,76,9,files.c.rules.lang.security.insecure-use-scanf-fn,"Avoid using 'scanf()'. This function, when used improperly, does not consider buffer boundaries and can lead to buffer overflows. Use 'fgets()' instead for reading input."
8e136658eef38c2e7c62d2ef65603c3f,original,c,0,26,5,files.c.rules.lang.security.insecure-use-string-copy-fn,"Finding triggers whenever there is a strcpy or strncpy used. This is an issue because strcpy does not affirm the size of the destination array and strncpy will not automatically NULL-terminate strings. This can lead to buffer overflows, which can cause program crashes and potentially let an attacker inject code in the program. Fix this by using strcpy_s instead (although note that strcpy_s is an optional part of the C11 standard, and so may not be available)."
91535425f7324b76dfda27ffad32adfe,original,c,0,8,5,files.c.rules.lang.security.insecure-use-scanf-fn,"Avoid using 'scanf()'. This function, when used improperly, does not consider buffer boundaries and can lead to buffer overflows. Use 'fgets()' instead for reading input."
91535425f7324b76dfda27ffad32adfe,original,c,0,10,5,files.c.rules.lang.security.insecure-use-scanf-fn,"Avoid using 'scanf()'. This function, when used improperly, does not consider buffer boundaries and can lead to buffer overflows. Use 'fgets()' instead for reading input."
91535425f7324b76dfda27ffad32adfe,original,c,2,9,5,files.c.rules.lang.security.insecure-use-scanf-fn,"Avoid using 'scanf()'. This function, when used improperly, does not consider buffer boundaries and can lead to buffer overflows. Use 'fgets()' instead for reading input."
91535425f7324b76dfda27ffad32adfe,original,c,2,11,5,files.c.rules.lang.security.insecure-use-scanf-fn,"Avoid using 'scanf()'. This function, when used improperly, does not consider buffer boundaries and can lead to buffer overflows. Use 'fgets()' instead for reading input."
91535425f7324b76dfda27ffad32adfe,original,c,2,13,5,files.c.rules.lang.security.insecure-use-scanf-fn,"Avoid using 'scanf()'. This function, when used improperly, does not consider buffer boundaries and can lead to buffer overflows. Use 'fgets()' instead for reading input."
91535425f7324b76dfda27ffad32adfe,original,c,3,10,5,files.c.rules.lang.security.insecure-use-scanf-fn,"Avoid using 'scanf()'. This function, when used improperly, does not consider buffer boundaries and can lead to buffer overflows. Use 'fgets()' instead for reading input."
948c2d16e5b08c197c2d294ef848dd67,original,c,0,13,9,files.c.rules.lang.security.insecure-use-scanf-fn,"Avoid using 'scanf()'. This function, when used improperly, does not consider buffer boundaries and can lead to buffer overflows. Use 'fgets()' instead for reading input."
948c2d16e5b08c197c2d294ef848dd67,original,c,0,15,9,files.c.rules.lang.security.insecure-use-scanf-fn,"Avoid using 'scanf()'. This function, when used improperly, does not consider buffer boundaries and can lead to buffer overflows. Use 'fgets()' instead for reading input."
948c2d16e5b08c197c2d294ef848dd67,original,c,0,21,9,files.c.rules.lang.security.insecure-use-scanf-fn,"Avoid using 'scanf()'. This function, when used improperly, does not consider buffer boundaries and can lead to buffer overflows. Use 'fgets()' instead for reading input."
9855ffa934799d2b926f29aef0d3c3cd,original,c,0,41,9,files.c.rules.lang.security.insecure-use-scanf-fn,"Avoid using 'scanf()'. This function, when used improperly, does not consider buffer boundaries and can lead to buffer overflows. Use 'fgets()' instead for reading input."
98c8ecb5e0d45c0ddebd06d18b7aac3f,original,c,0,29,5,files.c.rules.lang.security.insecure-use-scanf-fn,"Avoid using 'scanf()'. This function, when used improperly, does not consider buffer boundaries and can lead to buffer overflows. Use 'fgets()' instead for reading input."
98c8ecb5e0d45c0ddebd06d18b7aac3f,original,c,0,33,9,files.c.rules.lang.security.insecure-use-scanf-fn,"Avoid using 'scanf()'. This function, when used improperly, does not consider buffer boundaries and can lead to buffer overflows. Use 'fgets()' instead for reading input."
98c8ecb5e0d45c0ddebd06d18b7aac3f,original,c,0,35,9,files.c.rules.lang.security.insecure-use-scanf-fn,"Avoid using 'scanf()'. This function, when used improperly, does not consider buffer boundaries and can lead to buffer overflows. Use 'fgets()' instead for reading input."
98c8ecb5e0d45c0ddebd06d18b7aac3f,original,c,0,39,9,files.c.rules.lang.security.insecure-use-scanf-fn,"Avoid using 'scanf()'. This function, when used improperly, does not consider buffer boundaries and can lead to buffer overflows. Use 'fgets()' instead for reading input."
99a4e19166d3f5a2d0530ffb45ef3ffa,original,c,0,43,5,files.c.rules.lang.security.insecure-use-scanf-fn,"Avoid using 'scanf()'. This function, when used improperly, does not consider buffer boundaries and can lead to buffer overflows. Use 'fgets()' instead for reading input."
9f5f191f8dc56df718b08b7892cbb740,original,c,0,10,5,files.c.rules.lang.security.insecure-use-scanf-fn,"Avoid using 'scanf()'. This function, when used improperly, does not consider buffer boundaries and can lead to buffer overflows. Use 'fgets()' instead for reading input."
9f5f191f8dc56df718b08b7892cbb740,original,c,0,17,9,files.c.rules.lang.security.insecure-use-scanf-fn,"Avoid using 'scanf()'. This function, when used improperly, does not consider buffer boundaries and can lead to buffer overflows. Use 'fgets()' instead for reading input."
9f5f191f8dc56df718b08b7892cbb740,original,c,0,21,5,files.c.rules.lang.security.insecure-use-scanf-fn,"Avoid using 'scanf()'. This function, when used improperly, does not consider buffer boundaries and can lead to buffer overflows. Use 'fgets()' instead for reading input."
9f5f191f8dc56df718b08b7892cbb740,original,c,0,30,9,files.c.rules.lang.security.insecure-use-scanf-fn,"Avoid using 'scanf()'. This function, when used improperly, does not consider buffer boundaries and can lead to buffer overflows. Use 'fgets()' instead for reading input."
9f5f191f8dc56df718b08b7892cbb740,original,c,1,10,5,files.c.rules.lang.security.insecure-use-scanf-fn,"Avoid using 'scanf()'. This function, when used improperly, does not consider buffer boundaries and can lead to buffer overflows. Use 'fgets()' instead for reading input."
9f5f191f8dc56df718b08b7892cbb740,original,c,1,17,9,files.c.rules.lang.security.insecure-use-scanf-fn,"Avoid using 'scanf()'. This function, when used improperly, does not consider buffer boundaries and can lead to buffer overflows. Use 'fgets()' instead for reading input."
9f5f191f8dc56df718b08b7892cbb740,original,c,1,21,5,files.c.rules.lang.security.insecure-use-scanf-fn,"Avoid using 'scanf()'. This function, when used improperly, does not consider buffer boundaries and can lead to buffer overflows. Use 'fgets()' instead for reading input."
9f5f191f8dc56df718b08b7892cbb740,original,c,1,30,9,files.c.rules.lang.security.insecure-use-scanf-fn,"Avoid using 'scanf()'. This function, when used improperly, does not consider buffer boundaries and can lead to buffer overflows. Use 'fgets()' instead for reading input."
a00e422a83f5b6a55a9bd9c41dccb52a,original,c,0,96,5,files.c.rules.lang.security.insecure-use-scanf-fn,"Avoid using 'scanf()'. This function, when used improperly, does not consider buffer boundaries and can lead to buffer overflows. Use 'fgets()' instead for reading input."
a00e422a83f5b6a55a9bd9c41dccb52a,original,c,0,100,9,files.c.rules.lang.security.insecure-use-scanf-fn,"Avoid using 'scanf()'. This function, when used improperly, does not consider buffer boundaries and can lead to buffer overflows. Use 'fgets()' instead for reading input."
a07fbb56532fa1a5f4c9bfe120eef7ef,original,c,0,19,5,files.c.rules.lang.security.insecure-use-scanf-fn,"Avoid using 'scanf()'. This function, when used improperly, does not consider buffer boundaries and can lead to buffer overflows. Use 'fgets()' instead for reading input."
a25132b44c2ffb6f0df5bedd14aebfc1,original,c,0,3,1,files.c.rules.lang.security.insecure-use-string-copy-fn,"Finding triggers whenever there is a strcpy or strncpy used. This is an issue because strcpy does not affirm the size of the destination array and strncpy will not automatically NULL-terminate strings. This can lead to buffer overflows, which can cause program crashes and potentially let an attacker inject code in the program. Fix this by using strcpy_s instead (although note that strcpy_s is an optional part of the C11 standard, and so may not be available)."
a41e0199f946d0fc950c5b9f4b832464,original,c,0,27,13,files.c.rules.lang.security.insecure-use-scanf-fn,"Avoid using 'scanf()'. This function, when used improperly, does not consider buffer boundaries and can lead to buffer overflows. Use 'fgets()' instead for reading input."
a41e0199f946d0fc950c5b9f4b832464,original,c,0,30,13,files.c.rules.lang.security.insecure-use-scanf-fn,"Avoid using 'scanf()'. This function, when used improperly, does not consider buffer boundaries and can lead to buffer overflows. Use 'fgets()' instead for reading input."
a4978adb2c91030982705d9b8f80f1d1,original,c,0,11,5,files.c.rules.lang.security.insecure-use-scanf-fn,"Avoid using 'scanf()'. This function, when used improperly, does not consider buffer boundaries and can lead to buffer overflows. Use 'fgets()' instead for reading input."
a4978adb2c91030982705d9b8f80f1d1,original,c,0,16,9,files.c.rules.lang.security.insecure-use-scanf-fn,"Avoid using 'scanf()'. This function, when used improperly, does not consider buffer boundaries and can lead to buffer overflows. Use 'fgets()' instead for reading input."
a81e40a1c8a4d805269722ef8de21406,original,c,0,30,5,files.c.rules.lang.security.insecure-use-scanf-fn,"Avoid using 'scanf()'. This function, when used improperly, does not consider buffer boundaries and can lead to buffer overflows. Use 'fgets()' instead for reading input."
a8e023343a6ca0ca6fccb7976b62ae7f,original,c,0,32,5,files.c.rules.lang.security.insecure-use-scanf-fn,"Avoid using 'scanf()'. This function, when used improperly, does not consider buffer boundaries and can lead to buffer overflows. Use 'fgets()' instead for reading input."
a8e023343a6ca0ca6fccb7976b62ae7f,original,c,0,35,9,files.c.rules.lang.security.insecure-use-scanf-fn,"Avoid using 'scanf()'. This function, when used improperly, does not consider buffer boundaries and can lead to buffer overflows. Use 'fgets()' instead for reading input."
a8e023343a6ca0ca6fccb7976b62ae7f,original,c,1,5,5,files.c.rules.lang.security.insecure-use-scanf-fn,"Avoid using 'scanf()'. This function, when used improperly, does not consider buffer boundaries and can lead to buffer overflows. Use 'fgets()' instead for reading input."
a8e023343a6ca0ca6fccb7976b62ae7f,original,c,1,11,9,files.c.rules.lang.security.insecure-use-scanf-fn,"Avoid using 'scanf()'. This function, when used improperly, does not consider buffer boundaries and can lead to buffer overflows. Use 'fgets()' instead for reading input."
aa0a633e04bd99fda908ca2d4ced14d9,original,c,0,20,5,files.c.rules.lang.security.insecure-use-scanf-fn,"Avoid using 'scanf()'. This function, when used improperly, does not consider buffer boundaries and can lead to buffer overflows. Use 'fgets()' instead for reading input."
aa0a633e04bd99fda908ca2d4ced14d9,original,c,0,22,5,files.c.rules.lang.security.insecure-use-scanf-fn,"Avoid using 'scanf()'. This function, when used improperly, does not consider buffer boundaries and can lead to buffer overflows. Use 'fgets()' instead for reading input."
aa0a633e04bd99fda908ca2d4ced14d9,original,c,0,24,5,files.c.rules.lang.security.insecure-use-scanf-fn,"Avoid using 'scanf()'. This function, when used improperly, does not consider buffer boundaries and can lead to buffer overflows. Use 'fgets()' instead for reading input."
aa0a633e04bd99fda908ca2d4ced14d9,original,c,0,48,5,files.c.rules.lang.security.insecure-use-scanf-fn,"Avoid using 'scanf()'. This function, when used improperly, does not consider buffer boundaries and can lead to buffer overflows. Use 'fgets()' instead for reading input."
aa0a633e04bd99fda908ca2d4ced14d9,original,c,0,72,9,files.c.rules.lang.security.insecure-use-scanf-fn,"Avoid using 'scanf()'. This function, when used improperly, does not consider buffer boundaries and can lead to buffer overflows. Use 'fgets()' instead for reading input."
aaf8c48c323accb3194af0a502346c9d,original,c,0,46,5,files.c.rules.lang.security.insecure-use-scanf-fn,"Avoid using 'scanf()'. This function, when used improperly, does not consider buffer boundaries and can lead to buffer overflows. Use 'fgets()' instead for reading input."
aaf8c48c323accb3194af0a502346c9d,original,c,0,51,9,files.c.rules.lang.security.insecure-use-scanf-fn,"Avoid using 'scanf()'. This function, when used improperly, does not consider buffer boundaries and can lead to buffer overflows. Use 'fgets()' instead for reading input."
ab4e71d11b286912d1ef73c9a5543669,original,c,0,6,9,files.c.rules.lang.security.insecure-use-string-copy-fn,"Finding triggers whenever there is a strcpy or strncpy used. This is an issue because strcpy does not affirm the size of the destination array and strncpy will not automatically NULL-terminate strings. This can lead to buffer overflows, which can cause program crashes and potentially let an attacker inject code in the program. Fix this by using strcpy_s instead (although note that strcpy_s is an optional part of the C11 standard, and so may not be available)."
ab4e71d11b286912d1ef73c9a5543669,original,c,0,21,9,files.c.rules.lang.security.insecure-use-string-copy-fn,"Finding triggers whenever there is a strcpy or strncpy used. This is an issue because strcpy does not affirm the size of the destination array and strncpy will not automatically NULL-terminate strings. This can lead to buffer overflows, which can cause program crashes and potentially let an attacker inject code in the program. Fix this by using strcpy_s instead (although note that strcpy_s is an optional part of the C11 standard, and so may not be available)."
ab4e71d11b286912d1ef73c9a5543669,original,c,1,5,5,files.c.rules.lang.security.insecure-use-string-copy-fn,"Finding triggers whenever there is a strcpy or strncpy used. This is an issue because strcpy does not affirm the size of the destination array and strncpy will not automatically NULL-terminate strings. This can lead to buffer overflows, which can cause program crashes and potentially let an attacker inject code in the program. Fix this by using strcpy_s instead (although note that strcpy_s is an optional part of the C11 standard, and so may not be available)."
ab4e71d11b286912d1ef73c9a5543669,original,c,1,6,5,files.c.rules.lang.security.insecure-use-strcat-fn,Finding triggers whenever there is a strcat or strncat used. This is an issue because strcat or strncat can lead to buffer overflow vulns. Fix this by using strcat_s instead.
ab4e71d11b286912d1ef73c9a5543669,original,c,1,17,5,files.c.rules.lang.security.insecure-use-string-copy-fn,"Finding triggers whenever there is a strcpy or strncpy used. This is an issue because strcpy does not affirm the size of the destination array and strncpy will not automatically NULL-terminate strings. This can lead to buffer overflows, which can cause program crashes and potentially let an attacker inject code in the program. Fix this by using strcpy_s instead (although note that strcpy_s is an optional part of the C11 standard, and so may not be available)."
ab4e71d11b286912d1ef73c9a5543669,original,c,1,18,5,files.c.rules.lang.security.insecure-use-strcat-fn,Finding triggers whenever there is a strcat or strncat used. This is an issue because strcat or strncat can lead to buffer overflow vulns. Fix this by using strcat_s instead.
ab4e71d11b286912d1ef73c9a5543669,original,c,2,3,5,files.c.rules.lang.security.insecure-use-string-copy-fn,"Finding triggers whenever there is a strcpy or strncpy used. This is an issue because strcpy does not affirm the size of the destination array and strncpy will not automatically NULL-terminate strings. This can lead to buffer overflows, which can cause program crashes and potentially let an attacker inject code in the program. Fix this by using strcpy_s instead (although note that strcpy_s is an optional part of the C11 standard, and so may not be available)."
ab4e71d11b286912d1ef73c9a5543669,original,c,3,5,9,files.c.rules.lang.security.insecure-use-string-copy-fn,"Finding triggers whenever there is a strcpy or strncpy used. This is an issue because strcpy does not affirm the size of the destination array and strncpy will not automatically NULL-terminate strings. This can lead to buffer overflows, which can cause program crashes and potentially let an attacker inject code in the program. Fix this by using strcpy_s instead (although note that strcpy_s is an optional part of the C11 standard, and so may not be available)."
ab4e71d11b286912d1ef73c9a5543669,original,c,4,10,9,files.c.rules.lang.security.insecure-use-string-copy-fn,"Finding triggers whenever there is a strcpy or strncpy used. This is an issue because strcpy does not affirm the size of the destination array and strncpy will not automatically NULL-terminate strings. This can lead to buffer overflows, which can cause program crashes and potentially let an attacker inject code in the program. Fix this by using strcpy_s instead (although note that strcpy_s is an optional part of the C11 standard, and so may not be available)."
ab4e71d11b286912d1ef73c9a5543669,original,c,5,5,9,files.c.rules.lang.security.insecure-use-string-copy-fn,"Finding triggers whenever there is a strcpy or strncpy used. This is an issue because strcpy does not affirm the size of the destination array and strncpy will not automatically NULL-terminate strings. This can lead to buffer overflows, which can cause program crashes and potentially let an attacker inject code in the program. Fix this by using strcpy_s instead (although note that strcpy_s is an optional part of the C11 standard, and so may not be available)."
ab4e71d11b286912d1ef73c9a5543669,original,c,6,11,9,files.c.rules.lang.security.insecure-use-string-copy-fn,"Finding triggers whenever there is a strcpy or strncpy used. This is an issue because strcpy does not affirm the size of the destination array and strncpy will not automatically NULL-terminate strings. This can lead to buffer overflows, which can cause program crashes and potentially let an attacker inject code in the program. Fix this by using strcpy_s instead (although note that strcpy_s is an optional part of the C11 standard, and so may not be available)."
ab4e71d11b286912d1ef73c9a5543669,original,c,7,5,5,files.c.rules.lang.security.insecure-use-string-copy-fn,"Finding triggers whenever there is a strcpy or strncpy used. This is an issue because strcpy does not affirm the size of the destination array and strncpy will not automatically NULL-terminate strings. This can lead to buffer overflows, which can cause program crashes and potentially let an attacker inject code in the program. Fix this by using strcpy_s instead (although note that strcpy_s is an optional part of the C11 standard, and so may not be available)."
ab4e71d11b286912d1ef73c9a5543669,original,c,7,6,5,files.c.rules.lang.security.insecure-use-strcat-fn,Finding triggers whenever there is a strcat or strncat used. This is an issue because strcat or strncat can lead to buffer overflow vulns. Fix this by using strcat_s instead.
ad49569e9321c61a3c1bf06a0ee91f8d,original,c,0,27,5,files.c.rules.lang.security.insecure-use-scanf-fn,"Avoid using 'scanf()'. This function, when used improperly, does not consider buffer boundaries and can lead to buffer overflows. Use 'fgets()' instead for reading input."
ad49569e9321c61a3c1bf06a0ee91f8d,original,c,0,36,9,files.c.rules.lang.security.insecure-use-scanf-fn,"Avoid using 'scanf()'. This function, when used improperly, does not consider buffer boundaries and can lead to buffer overflows. Use 'fgets()' instead for reading input."
ad49569e9321c61a3c1bf06a0ee91f8d,original,c,0,37,9,files.c.rules.lang.security.insecure-use-scanf-fn,"Avoid using 'scanf()'. This function, when used improperly, does not consider buffer boundaries and can lead to buffer overflows. Use 'fgets()' instead for reading input."
ae9468c3eafb9365cd4fc20a6ce3cd4d,original,c,0,61,5,files.c.rules.lang.security.insecure-use-scanf-fn,"Avoid using 'scanf()'. This function, when used improperly, does not consider buffer boundaries and can lead to buffer overflows. Use 'fgets()' instead for reading input."
ae9468c3eafb9365cd4fc20a6ce3cd4d,original,c,0,65,9,files.c.rules.lang.security.insecure-use-scanf-fn,"Avoid using 'scanf()'. This function, when used improperly, does not consider buffer boundaries and can lead to buffer overflows. Use 'fgets()' instead for reading input."
b0ffa49c602b9360706a2f48c3b13c4f,original,c,0,8,5,files.c.rules.lang.security.insecure-use-scanf-fn,"Avoid using 'scanf()'. This function, when used improperly, does not consider buffer boundaries and can lead to buffer overflows. Use 'fgets()' instead for reading input."
b0ffa49c602b9360706a2f48c3b13c4f,original,c,1,12,5,files.c.rules.lang.security.insecure-use-scanf-fn,"Avoid using 'scanf()'. This function, when used improperly, does not consider buffer boundaries and can lead to buffer overflows. Use 'fgets()' instead for reading input."
b64e9d9cd19758a3c97bcb56c01dc8c7,original,c,0,12,5,files.c.rules.lang.security.insecure-use-scanf-fn,"Avoid using 'scanf()'. This function, when used improperly, does not consider buffer boundaries and can lead to buffer overflows. Use 'fgets()' instead for reading input."
b64e9d9cd19758a3c97bcb56c01dc8c7,original,c,0,17,9,files.c.rules.lang.security.insecure-use-scanf-fn,"Avoid using 'scanf()'. This function, when used improperly, does not consider buffer boundaries and can lead to buffer overflows. Use 'fgets()' instead for reading input."
b861a84e3580eaebc1487a7088360fb9,original,c,0,53,5,files.c.rules.lang.security.insecure-use-scanf-fn,"Avoid using 'scanf()'. This function, when used improperly, does not consider buffer boundaries and can lead to buffer overflows. Use 'fgets()' instead for reading input."
b861a84e3580eaebc1487a7088360fb9,original,c,0,69,9,files.c.rules.lang.security.insecure-use-string-copy-fn,"Finding triggers whenever there is a strcpy or strncpy used. This is an issue because strcpy does not affirm the size of the destination array and strncpy will not automatically NULL-terminate strings. This can lead to buffer overflows, which can cause program crashes and potentially let an attacker inject code in the program. Fix this by using strcpy_s instead (although note that strcpy_s is an optional part of the C11 standard, and so may not be available)."
ba4c75ae1410f88408781a1ee408b5da,original,c,0,77,9,files.c.rules.lang.security.insecure-use-scanf-fn,"Avoid using 'scanf()'. This function, when used improperly, does not consider buffer boundaries and can lead to buffer overflows. Use 'fgets()' instead for reading input."
ba4c75ae1410f88408781a1ee408b5da,original,c,0,87,9,files.c.rules.lang.security.insecure-use-scanf-fn,"Avoid using 'scanf()'. This function, when used improperly, does not consider buffer boundaries and can lead to buffer overflows. Use 'fgets()' instead for reading input."
bc4075cee48a260341315d14d66cb8ee,original,c,1,19,13,files.c.rules.lang.security.insecure-use-scanf-fn,"Avoid using 'scanf()'. This function, when used improperly, does not consider buffer boundaries and can lead to buffer overflows. Use 'fgets()' instead for reading input."
bc4075cee48a260341315d14d66cb8ee,original,c,1,24,13,files.c.rules.lang.security.insecure-use-scanf-fn,"Avoid using 'scanf()'. This function, when used improperly, does not consider buffer boundaries and can lead to buffer overflows. Use 'fgets()' instead for reading input."
bc7d1729cedf13a84e04f5f3bbe4744a,original,c,0,6,5,files.c.rules.lang.security.insecure-use-scanf-fn,"Avoid using 'scanf()'. This function, when used improperly, does not consider buffer boundaries and can lead to buffer overflows. Use 'fgets()' instead for reading input."
bc7d1729cedf13a84e04f5f3bbe4744a,original,c,0,11,9,files.c.rules.lang.security.insecure-use-scanf-fn,"Avoid using 'scanf()'. This function, when used improperly, does not consider buffer boundaries and can lead to buffer overflows. Use 'fgets()' instead for reading input."
bca4bd08839b147c863ad66da7ad5469,original,c,2,21,5,files.c.rules.lang.security.insecure-use-memset,"When handling sensitive information in a buffer, it's important to ensure  that the data is securely erased before the buffer is deleted or reused.  While `memset()` is commonly used for this purpose, it can leave sensitive  information behind due to compiler optimizations or other factors.  To avoid this potential vulnerability, it's recommended to use the  `memset_s()` function instead. `memset_s()` is a standardized function  that securely overwrites the memory with a specified value, making it more  difficult for an attacker to recover any sensitive data that was stored in  the buffer. By using `memset_s()` instead of `memset()`, you can help to  ensure that your application is more secure and less vulnerable to exploits  that rely on residual data in memory."
c0f20a855d4ed616fff8fd7965d47b9c,original,c,0,21,5,files.c.rules.lang.security.insecure-use-scanf-fn,"Avoid using 'scanf()'. This function, when used improperly, does not consider buffer boundaries and can lead to buffer overflows. Use 'fgets()' instead for reading input."
c29565d70b255463b712c345f532e2e5,original,c,0,33,5,files.c.rules.lang.security.insecure-use-scanf-fn,"Avoid using 'scanf()'. This function, when used improperly, does not consider buffer boundaries and can lead to buffer overflows. Use 'fgets()' instead for reading input."
c29565d70b255463b712c345f532e2e5,original,c,0,36,9,files.c.rules.lang.security.insecure-use-scanf-fn,"Avoid using 'scanf()'. This function, when used improperly, does not consider buffer boundaries and can lead to buffer overflows. Use 'fgets()' instead for reading input."
c74c52fbf780869c63e835cbcd3a31b7,original,c,0,1,1,files.c.rules.lang.security.insecure-use-string-copy-fn,"Finding triggers whenever there is a strcpy or strncpy used. This is an issue because strcpy does not affirm the size of the destination array and strncpy will not automatically NULL-terminate strings. This can lead to buffer overflows, which can cause program crashes and potentially let an attacker inject code in the program. Fix this by using strcpy_s instead (although note that strcpy_s is an optional part of the C11 standard, and so may not be available)."
c74c52fbf780869c63e835cbcd3a31b7,original,c,1,3,5,files.c.rules.lang.security.insecure-use-string-copy-fn,"Finding triggers whenever there is a strcpy or strncpy used. This is an issue because strcpy does not affirm the size of the destination array and strncpy will not automatically NULL-terminate strings. This can lead to buffer overflows, which can cause program crashes and potentially let an attacker inject code in the program. Fix this by using strcpy_s instead (although note that strcpy_s is an optional part of the C11 standard, and so may not be available)."
c74c52fbf780869c63e835cbcd3a31b7,original,c,2,1,1,files.c.rules.lang.security.insecure-use-string-copy-fn,"Finding triggers whenever there is a strcpy or strncpy used. This is an issue because strcpy does not affirm the size of the destination array and strncpy will not automatically NULL-terminate strings. This can lead to buffer overflows, which can cause program crashes and potentially let an attacker inject code in the program. Fix this by using strcpy_s instead (although note that strcpy_s is an optional part of the C11 standard, and so may not be available)."
c74c52fbf780869c63e835cbcd3a31b7,original,c,3,3,5,files.c.rules.lang.security.insecure-use-memset,"When handling sensitive information in a buffer, it's important to ensure  that the data is securely erased before the buffer is deleted or reused.  While `memset()` is commonly used for this purpose, it can leave sensitive  information behind due to compiler optimizations or other factors.  To avoid this potential vulnerability, it's recommended to use the  `memset_s()` function instead. `memset_s()` is a standardized function  that securely overwrites the memory with a specified value, making it more  difficult for an attacker to recover any sensitive data that was stored in  the buffer. By using `memset_s()` instead of `memset()`, you can help to  ensure that your application is more secure and less vulnerable to exploits  that rely on residual data in memory."
c74c52fbf780869c63e835cbcd3a31b7,original,c,3,6,5,files.c.rules.lang.security.insecure-use-string-copy-fn,"Finding triggers whenever there is a strcpy or strncpy used. This is an issue because strcpy does not affirm the size of the destination array and strncpy will not automatically NULL-terminate strings. This can lead to buffer overflows, which can cause program crashes and potentially let an attacker inject code in the program. Fix this by using strcpy_s instead (although note that strcpy_s is an optional part of the C11 standard, and so may not be available)."
cb560ef5c4234481fec4d69d939fadbc,original,c,0,17,5,files.c.rules.lang.security.insecure-use-scanf-fn,"Avoid using 'scanf()'. This function, when used improperly, does not consider buffer boundaries and can lead to buffer overflows. Use 'fgets()' instead for reading input."
d2ae02b6d04790441e49ba1b043d0fb4,original,c,0,29,5,files.c.rules.lang.security.insecure-use-scanf-fn,"Avoid using 'scanf()'. This function, when used improperly, does not consider buffer boundaries and can lead to buffer overflows. Use 'fgets()' instead for reading input."
d435b335c2211ee48561b7cc1304ca15,original,c,0,27,5,files.c.rules.lang.security.insecure-use-scanf-fn,"Avoid using 'scanf()'. This function, when used improperly, does not consider buffer boundaries and can lead to buffer overflows. Use 'fgets()' instead for reading input."
d5289148c8559a364083d0d4bff6ed3a,original,c,0,3,6,files.c.rules.lang.security.double-free,Variable 'ptr' was freed twice. This can lead to undefined behavior.
d5289148c8559a364083d0d4bff6ed3a,original,c,2,3,6,files.c.rules.lang.security.function-use-after-free,Variable 'ptr' was passed to a function after being freed. This can lead to undefined behavior.
d5289148c8559a364083d0d4bff6ed3a,original,c,2,4,6,files.c.rules.lang.security.double-free,Variable 'ptr' was freed twice. This can lead to undefined behavior.
d80481f8acd0fb412ea7ce4c77b24979,original,c,0,83,9,files.c.rules.lang.security.insecure-use-scanf-fn,"Avoid using 'scanf()'. This function, when used improperly, does not consider buffer boundaries and can lead to buffer overflows. Use 'fgets()' instead for reading input."
d80481f8acd0fb412ea7ce4c77b24979,original,c,0,90,13,files.c.rules.lang.security.insecure-use-scanf-fn,"Avoid using 'scanf()'. This function, when used improperly, does not consider buffer boundaries and can lead to buffer overflows. Use 'fgets()' instead for reading input."
d80481f8acd0fb412ea7ce4c77b24979,original,c,0,92,13,files.c.rules.lang.security.insecure-use-scanf-fn,"Avoid using 'scanf()'. This function, when used improperly, does not consider buffer boundaries and can lead to buffer overflows. Use 'fgets()' instead for reading input."
d80481f8acd0fb412ea7ce4c77b24979,original,c,0,103,5,files.c.rules.lang.security.insecure-use-scanf-fn,"Avoid using 'scanf()'. This function, when used improperly, does not consider buffer boundaries and can lead to buffer overflows. Use 'fgets()' instead for reading input."
d8a58e963645e813e68be57ea07f1d6a,original,c,0,24,5,files.c.rules.lang.security.insecure-use-string-copy-fn,"Finding triggers whenever there is a strcpy or strncpy used. This is an issue because strcpy does not affirm the size of the destination array and strncpy will not automatically NULL-terminate strings. This can lead to buffer overflows, which can cause program crashes and potentially let an attacker inject code in the program. Fix this by using strcpy_s instead (although note that strcpy_s is an optional part of the C11 standard, and so may not be available)."
d8a58e963645e813e68be57ea07f1d6a,original,c,0,40,13,files.c.rules.lang.security.insecure-use-string-copy-fn,"Finding triggers whenever there is a strcpy or strncpy used. This is an issue because strcpy does not affirm the size of the destination array and strncpy will not automatically NULL-terminate strings. This can lead to buffer overflows, which can cause program crashes and potentially let an attacker inject code in the program. Fix this by using strcpy_s instead (although note that strcpy_s is an optional part of the C11 standard, and so may not be available)."
d8a58e963645e813e68be57ea07f1d6a,original,c,0,79,13,files.c.rules.lang.security.insecure-use-memset,"When handling sensitive information in a buffer, it's important to ensure  that the data is securely erased before the buffer is deleted or reused.  While `memset()` is commonly used for this purpose, it can leave sensitive  information behind due to compiler optimizations or other factors.  To avoid this potential vulnerability, it's recommended to use the  `memset_s()` function instead. `memset_s()` is a standardized function  that securely overwrites the memory with a specified value, making it more  difficult for an attacker to recover any sensitive data that was stored in  the buffer. By using `memset_s()` instead of `memset()`, you can help to  ensure that your application is more secure and less vulnerable to exploits  that rely on residual data in memory."
d8a58e963645e813e68be57ea07f1d6a,original,c,1,29,5,files.c.rules.lang.security.insecure-use-string-copy-fn,"Finding triggers whenever there is a strcpy or strncpy used. This is an issue because strcpy does not affirm the size of the destination array and strncpy will not automatically NULL-terminate strings. This can lead to buffer overflows, which can cause program crashes and potentially let an attacker inject code in the program. Fix this by using strcpy_s instead (although note that strcpy_s is an optional part of the C11 standard, and so may not be available)."
dd026350d0a358002d3f8ee3dbfe8304,original,c,0,68,12,files.c.rules.lang.security.insecure-use-scanf-fn,"Avoid using 'scanf()'. This function, when used improperly, does not consider buffer boundaries and can lead to buffer overflows. Use 'fgets()' instead for reading input."
dd026350d0a358002d3f8ee3dbfe8304,original,c,0,81,13,files.c.rules.lang.security.insecure-use-scanf-fn,"Avoid using 'scanf()'. This function, when used improperly, does not consider buffer boundaries and can lead to buffer overflows. Use 'fgets()' instead for reading input."
dd8fb3d1910b4e308d94aa90b22e957a,original,c,0,21,9,files.c.rules.lang.security.insecure-use-scanf-fn,"Avoid using 'scanf()'. This function, when used improperly, does not consider buffer boundaries and can lead to buffer overflows. Use 'fgets()' instead for reading input."
dd8fb3d1910b4e308d94aa90b22e957a,original,c,0,45,5,files.c.rules.lang.security.insecure-use-scanf-fn,"Avoid using 'scanf()'. This function, when used improperly, does not consider buffer boundaries and can lead to buffer overflows. Use 'fgets()' instead for reading input."
dd8fb3d1910b4e308d94aa90b22e957a,original,c,0,57,5,files.c.rules.lang.security.insecure-use-scanf-fn,"Avoid using 'scanf()'. This function, when used improperly, does not consider buffer boundaries and can lead to buffer overflows. Use 'fgets()' instead for reading input."
dd8fb3d1910b4e308d94aa90b22e957a,original,c,0,59,5,files.c.rules.lang.security.insecure-use-scanf-fn,"Avoid using 'scanf()'. This function, when used improperly, does not consider buffer boundaries and can lead to buffer overflows. Use 'fgets()' instead for reading input."
def084ccc7b7ad6a8913283e3d7ac433,original,c,0,66,9,files.c.rules.lang.security.insecure-use-scanf-fn,"Avoid using 'scanf()'. This function, when used improperly, does not consider buffer boundaries and can lead to buffer overflows. Use 'fgets()' instead for reading input."
df7c0692638ccab78801af94f5638415,original,c,0,18,9,files.c.rules.lang.security.insecure-use-string-copy-fn,"Finding triggers whenever there is a strcpy or strncpy used. This is an issue because strcpy does not affirm the size of the destination array and strncpy will not automatically NULL-terminate strings. This can lead to buffer overflows, which can cause program crashes and potentially let an attacker inject code in the program. Fix this by using strcpy_s instead (although note that strcpy_s is an optional part of the C11 standard, and so may not be available)."
df7c0692638ccab78801af94f5638415,original,c,0,72,9,files.c.rules.lang.security.insecure-use-scanf-fn,"Avoid using 'scanf()'. This function, when used improperly, does not consider buffer boundaries and can lead to buffer overflows. Use 'fgets()' instead for reading input."
df7c0692638ccab78801af94f5638415,original,c,0,87,17,files.c.rules.lang.security.insecure-use-scanf-fn,"Avoid using 'scanf()'. This function, when used improperly, does not consider buffer boundaries and can lead to buffer overflows. Use 'fgets()' instead for reading input."
df7c0692638ccab78801af94f5638415,original,c,0,92,17,files.c.rules.lang.security.insecure-use-scanf-fn,"Avoid using 'scanf()'. This function, when used improperly, does not consider buffer boundaries and can lead to buffer overflows. Use 'fgets()' instead for reading input."
e7720fe06b40b4a2c27c695535094c76,original,c,0,33,5,files.c.rules.lang.security.insecure-use-memset,"When handling sensitive information in a buffer, it's important to ensure  that the data is securely erased before the buffer is deleted or reused.  While `memset()` is commonly used for this purpose, it can leave sensitive  information behind due to compiler optimizations or other factors.  To avoid this potential vulnerability, it's recommended to use the  `memset_s()` function instead. `memset_s()` is a standardized function  that securely overwrites the memory with a specified value, making it more  difficult for an attacker to recover any sensitive data that was stored in  the buffer. By using `memset_s()` instead of `memset()`, you can help to  ensure that your application is more secure and less vulnerable to exploits  that rely on residual data in memory."
ea222f88346dec78a2ac2702eff85697,original,c,0,14,9,files.c.rules.lang.security.insecure-use-string-copy-fn,"Finding triggers whenever there is a strcpy or strncpy used. This is an issue because strcpy does not affirm the size of the destination array and strncpy will not automatically NULL-terminate strings. This can lead to buffer overflows, which can cause program crashes and potentially let an attacker inject code in the program. Fix this by using strcpy_s instead (although note that strcpy_s is an optional part of the C11 standard, and so may not be available)."
ea222f88346dec78a2ac2702eff85697,original,c,0,39,9,files.c.rules.lang.security.insecure-use-string-copy-fn,"Finding triggers whenever there is a strcpy or strncpy used. This is an issue because strcpy does not affirm the size of the destination array and strncpy will not automatically NULL-terminate strings. This can lead to buffer overflows, which can cause program crashes and potentially let an attacker inject code in the program. Fix this by using strcpy_s instead (although note that strcpy_s is an optional part of the C11 standard, and so may not be available)."
ea222f88346dec78a2ac2702eff85697,original,c,0,58,9,files.c.rules.lang.security.insecure-use-scanf-fn,"Avoid using 'scanf()'. This function, when used improperly, does not consider buffer boundaries and can lead to buffer overflows. Use 'fgets()' instead for reading input."
ea222f88346dec78a2ac2702eff85697,original,c,0,74,17,files.c.rules.lang.security.insecure-use-scanf-fn,"Avoid using 'scanf()'. This function, when used improperly, does not consider buffer boundaries and can lead to buffer overflows. Use 'fgets()' instead for reading input."
f3bb6e70c042b8183d9d2bc311c23140,original,c,0,32,17,files.c.rules.lang.security.insecure-use-scanf-fn,"Avoid using 'scanf()'. This function, when used improperly, does not consider buffer boundaries and can lead to buffer overflows. Use 'fgets()' instead for reading input."
f3bb6e70c042b8183d9d2bc311c23140,original,c,0,41,17,files.c.rules.lang.security.insecure-use-scanf-fn,"Avoid using 'scanf()'. This function, when used improperly, does not consider buffer boundaries and can lead to buffer overflows. Use 'fgets()' instead for reading input."
f559728c375541c8c0efbb6db4793363,original,c,0,21,5,files.c.rules.lang.security.insecure-use-scanf-fn,"Avoid using 'scanf()'. This function, when used improperly, does not consider buffer boundaries and can lead to buffer overflows. Use 'fgets()' instead for reading input."
f936782c81465f2755d45fc973ea40e4,original,c,2,17,5,files.c.rules.lang.security.insecure-use-memset,"When handling sensitive information in a buffer, it's important to ensure  that the data is securely erased before the buffer is deleted or reused.  While `memset()` is commonly used for this purpose, it can leave sensitive  information behind due to compiler optimizations or other factors.  To avoid this potential vulnerability, it's recommended to use the  `memset_s()` function instead. `memset_s()` is a standardized function  that securely overwrites the memory with a specified value, making it more  difficult for an attacker to recover any sensitive data that was stored in  the buffer. By using `memset_s()` instead of `memset()`, you can help to  ensure that your application is more secure and less vulnerable to exploits  that rely on residual data in memory."
fb0971680efb737634dddc4c1c2d2826,original,c,0,18,5,files.c.rules.lang.security.insecure-use-scanf-fn,"Avoid using 'scanf()'. This function, when used improperly, does not consider buffer boundaries and can lead to buffer overflows. Use 'fgets()' instead for reading input."
fb0971680efb737634dddc4c1c2d2826,original,c,0,30,9,files.c.rules.lang.security.insecure-use-scanf-fn,"Avoid using 'scanf()'. This function, when used improperly, does not consider buffer boundaries and can lead to buffer overflows. Use 'fgets()' instead for reading input."
fc1bb2f06d73453fb294a6d22fdfc570,original,c,0,21,5,files.c.rules.lang.security.insecure-use-scanf-fn,"Avoid using 'scanf()'. This function, when used improperly, does not consider buffer boundaries and can lead to buffer overflows. Use 'fgets()' instead for reading input."
ff54ff48572573deec70f2228bea5a05,original,c,0,8,5,files.c.rules.lang.security.insecure-use-scanf-fn,"Avoid using 'scanf()'. This function, when used improperly, does not consider buffer boundaries and can lead to buffer overflows. Use 'fgets()' instead for reading input."
ff54ff48572573deec70f2228bea5a05,original,c,2,8,5,files.c.rules.lang.security.insecure-use-scanf-fn,"Avoid using 'scanf()'. This function, when used improperly, does not consider buffer boundaries and can lead to buffer overflows. Use 'fgets()' instead for reading input."
ff54ff48572573deec70f2228bea5a05,original,c,2,16,13,files.c.rules.lang.security.insecure-use-scanf-fn,"Avoid using 'scanf()'. This function, when used improperly, does not consider buffer boundaries and can lead to buffer overflows. Use 'fgets()' instead for reading input."
0373fafb67bf68269a0d8bdd624de8fe,original,csharp,1,5,9,files.csharp.rules.lang.security.missing-hsts-header,"The HSTS HTTP response security header is missing, allowing interaction and communication to be sent over the insecure HTTP protocol."
0373fafb67bf68269a0d8bdd624de8fe,original,csharp,1,13,9,files.csharp.rules.lang.security.missing-hsts-header,"The HSTS HTTP response security header is missing, allowing interaction and communication to be sent over the insecure HTTP protocol."
0373fafb67bf68269a0d8bdd624de8fe,original,csharp,1,18,9,files.csharp.rules.lang.security.missing-hsts-header,"The HSTS HTTP response security header is missing, allowing interaction and communication to be sent over the insecure HTTP protocol."
0373fafb67bf68269a0d8bdd624de8fe,original,csharp,1,19,9,files.csharp.rules.lang.security.missing-hsts-header,"The HSTS HTTP response security header is missing, allowing interaction and communication to be sent over the insecure HTTP protocol."
0373fafb67bf68269a0d8bdd624de8fe,original,csharp,1,20,9,files.csharp.rules.lang.security.missing-hsts-header,"The HSTS HTTP response security header is missing, allowing interaction and communication to be sent over the insecure HTTP protocol."
0373fafb67bf68269a0d8bdd624de8fe,original,csharp,1,21,9,files.csharp.rules.lang.security.missing-hsts-header,"The HSTS HTTP response security header is missing, allowing interaction and communication to be sent over the insecure HTTP protocol."
0373fafb67bf68269a0d8bdd624de8fe,original,csharp,2,5,9,files.csharp.rules.lang.security.missing-hsts-header,"The HSTS HTTP response security header is missing, allowing interaction and communication to be sent over the insecure HTTP protocol."
0373fafb67bf68269a0d8bdd624de8fe,original,csharp,2,8,9,files.csharp.rules.lang.security.missing-hsts-header,"The HSTS HTTP response security header is missing, allowing interaction and communication to be sent over the insecure HTTP protocol."
0373fafb67bf68269a0d8bdd624de8fe,original,csharp,2,13,9,files.csharp.rules.lang.security.missing-hsts-header,"The HSTS HTTP response security header is missing, allowing interaction and communication to be sent over the insecure HTTP protocol."
0373fafb67bf68269a0d8bdd624de8fe,original,csharp,2,14,9,files.csharp.rules.lang.security.missing-hsts-header,"The HSTS HTTP response security header is missing, allowing interaction and communication to be sent over the insecure HTTP protocol."
0373fafb67bf68269a0d8bdd624de8fe,original,csharp,2,15,9,files.csharp.rules.lang.security.missing-hsts-header,"The HSTS HTTP response security header is missing, allowing interaction and communication to be sent over the insecure HTTP protocol."
0373fafb67bf68269a0d8bdd624de8fe,original,csharp,2,16,9,files.csharp.rules.lang.security.missing-hsts-header,"The HSTS HTTP response security header is missing, allowing interaction and communication to be sent over the insecure HTTP protocol."
06aa854b939b332b4463fc8e407835ef,original,csharp,3,3,5,files.csharp.rules.lang.security.missing-hsts-header,"The HSTS HTTP response security header is missing, allowing interaction and communication to be sent over the insecure HTTP protocol."
06aa854b939b332b4463fc8e407835ef,original,csharp,3,5,5,files.csharp.rules.lang.security.missing-hsts-header,"The HSTS HTTP response security header is missing, allowing interaction and communication to be sent over the insecure HTTP protocol."
0bcc4fed0f5c7e29f745590c0afd9b30,original,csharp,2,10,5,files.csharp.rules.dotnet.security.audit.missing-or-broken-authorization,"Anonymous access shouldn't be allowed unless explicit by design. Access control checks are missing and potentially can be bypassed. This finding violates the principle of least privilege or deny by default, where access should only be permitted for a specific set of roles or conforms to a custom policy or users."
0e0697d3890d5d968d3f0512a39b21c3,original,csharp,1,3,8,files.csharp.rules.lang.security.missing-hsts-header,"The HSTS HTTP response security header is missing, allowing interaction and communication to be sent over the insecure HTTP protocol."
0e0697d3890d5d968d3f0512a39b21c3,original,csharp,1,18,8,files.csharp.rules.lang.security.missing-hsts-header,"The HSTS HTTP response security header is missing, allowing interaction and communication to be sent over the insecure HTTP protocol."
159d26af7cb3ebb5fd9d88a0f064ec97,original,csharp,1,9,12,files.csharp.rules.lang.security.missing-hsts-header,"The HSTS HTTP response security header is missing, allowing interaction and communication to be sent over the insecure HTTP protocol."
159d26af7cb3ebb5fd9d88a0f064ec97,original,csharp,1,28,12,files.csharp.rules.lang.security.missing-hsts-header,"The HSTS HTTP response security header is missing, allowing interaction and communication to be sent over the insecure HTTP protocol."
159d26af7cb3ebb5fd9d88a0f064ec97,original,csharp,1,35,16,files.csharp.rules.lang.security.missing-hsts-header,"The HSTS HTTP response security header is missing, allowing interaction and communication to be sent over the insecure HTTP protocol."
159d26af7cb3ebb5fd9d88a0f064ec97,original,csharp,1,38,12,files.csharp.rules.lang.security.missing-hsts-header,"The HSTS HTTP response security header is missing, allowing interaction and communication to be sent over the insecure HTTP protocol."
159d26af7cb3ebb5fd9d88a0f064ec97,original,csharp,1,40,12,files.csharp.rules.lang.security.missing-hsts-header,"The HSTS HTTP response security header is missing, allowing interaction and communication to be sent over the insecure HTTP protocol."
159d26af7cb3ebb5fd9d88a0f064ec97,original,csharp,1,41,12,files.csharp.rules.lang.security.missing-hsts-header,"The HSTS HTTP response security header is missing, allowing interaction and communication to be sent over the insecure HTTP protocol."
159d26af7cb3ebb5fd9d88a0f064ec97,original,csharp,1,43,12,files.csharp.rules.lang.security.missing-hsts-header,"The HSTS HTTP response security header is missing, allowing interaction and communication to be sent over the insecure HTTP protocol."
1914d4fe1fe2079fcb212dffe3ff8bd0,original,csharp,3,3,1,files.csharp.rules.dotnet.security.audit.missing-or-broken-authorization,"Anonymous access shouldn't be allowed unless explicit by design. Access control checks are missing and potentially can be bypassed. This finding violates the principle of least privilege or deny by default, where access should only be permitted for a specific set of roles or conforms to a custom policy or users."
2ae9ee245e71cf4cb24994e9480e9959,original,csharp,0,8,6,files.csharp.rules.dotnet.security.audit.missing-or-broken-authorization,"Anonymous access shouldn't be allowed unless explicit by design. Access control checks are missing and potentially can be bypassed. This finding violates the principle of least privilege or deny by default, where access should only be permitted for a specific set of roles or conforms to a custom policy or users."
31eaf08d064d4a9c200f96b7a55267ba,original,csharp,4,9,5,files.csharp.rules.dotnet.security.audit.missing-or-broken-authorization,"Anonymous access shouldn't be allowed unless explicit by design. Access control checks are missing and potentially can be bypassed. This finding violates the principle of least privilege or deny by default, where access should only be permitted for a specific set of roles or conforms to a custom policy or users."
39b5e29f13751ca47bc7b41f11129fe9,original,csharp,0,3,5,files.csharp.rules.lang.security.missing-hsts-header,"The HSTS HTTP response security header is missing, allowing interaction and communication to be sent over the insecure HTTP protocol."
39b5e29f13751ca47bc7b41f11129fe9,original,csharp,0,6,5,files.csharp.rules.lang.security.missing-hsts-header,"The HSTS HTTP response security header is missing, allowing interaction and communication to be sent over the insecure HTTP protocol."
39b5e29f13751ca47bc7b41f11129fe9,original,csharp,0,30,5,files.csharp.rules.lang.security.missing-hsts-header,"The HSTS HTTP response security header is missing, allowing interaction and communication to be sent over the insecure HTTP protocol."
42ed49d6a418a2b64fdfdc86315a8b3d,original,csharp,2,3,5,files.csharp.rules.lang.security.missing-hsts-header,"The HSTS HTTP response security header is missing, allowing interaction and communication to be sent over the insecure HTTP protocol."
42ed49d6a418a2b64fdfdc86315a8b3d,original,csharp,2,6,5,files.csharp.rules.lang.security.missing-hsts-header,"The HSTS HTTP response security header is missing, allowing interaction and communication to be sent over the insecure HTTP protocol."
42ed49d6a418a2b64fdfdc86315a8b3d,original,csharp,2,10,5,files.csharp.rules.lang.security.missing-hsts-header,"The HSTS HTTP response security header is missing, allowing interaction and communication to be sent over the insecure HTTP protocol."
4c0a4bf83452125d91162136eae0ba13,original,csharp,0,3,1,files.csharp.rules.dotnet.security.audit.missing-or-broken-authorization,"Anonymous access shouldn't be allowed unless explicit by design. Access control checks are missing and potentially can be bypassed. This finding violates the principle of least privilege or deny by default, where access should only be permitted for a specific set of roles or conforms to a custom policy or users."
4c0a4bf83452125d91162136eae0ba13,original,csharp,2,3,8,files.csharp.rules.lang.security.missing-hsts-header,"The HSTS HTTP response security header is missing, allowing interaction and communication to be sent over the insecure HTTP protocol."
4c0a4bf83452125d91162136eae0ba13,original,csharp,3,3,4,files.csharp.rules.dotnet.security.audit.missing-or-broken-authorization,"Anonymous access shouldn't be allowed unless explicit by design. Access control checks are missing and potentially can be bypassed. This finding violates the principle of least privilege or deny by default, where access should only be permitted for a specific set of roles or conforms to a custom policy or users."
60a1edfa5e6bb274963bb26cba2d9699,original,csharp,0,3,5,files.csharp.rules.lang.security.missing-hsts-header,"The HSTS HTTP response security header is missing, allowing interaction and communication to be sent over the insecure HTTP protocol."
60a1edfa5e6bb274963bb26cba2d9699,original,csharp,0,5,5,files.csharp.rules.lang.security.missing-hsts-header,"The HSTS HTTP response security header is missing, allowing interaction and communication to be sent over the insecure HTTP protocol."
6de8457b91290d7d7a128fccb3a86204,original,csharp,3,12,9,files.csharp.rules.lang.security.missing-hsts-header,"The HSTS HTTP response security header is missing, allowing interaction and communication to be sent over the insecure HTTP protocol."
6de8457b91290d7d7a128fccb3a86204,original,csharp,3,16,9,files.csharp.rules.lang.security.missing-hsts-header,"The HSTS HTTP response security header is missing, allowing interaction and communication to be sent over the insecure HTTP protocol."
6de8457b91290d7d7a128fccb3a86204,original,csharp,3,18,9,files.csharp.rules.lang.security.missing-hsts-header,"The HSTS HTTP response security header is missing, allowing interaction and communication to be sent over the insecure HTTP protocol."
854f9dab9b665baabe103ad91cf71b62,original,csharp,0,6,9,files.csharp.rules.lang.security.missing-hsts-header,"The HSTS HTTP response security header is missing, allowing interaction and communication to be sent over the insecure HTTP protocol."
854f9dab9b665baabe103ad91cf71b62,original,csharp,0,9,9,files.csharp.rules.lang.security.missing-hsts-header,"The HSTS HTTP response security header is missing, allowing interaction and communication to be sent over the insecure HTTP protocol."
854f9dab9b665baabe103ad91cf71b62,original,csharp,0,15,9,files.csharp.rules.lang.security.missing-hsts-header,"The HSTS HTTP response security header is missing, allowing interaction and communication to be sent over the insecure HTTP protocol."
854f9dab9b665baabe103ad91cf71b62,original,csharp,0,16,9,files.csharp.rules.lang.security.missing-hsts-header,"The HSTS HTTP response security header is missing, allowing interaction and communication to be sent over the insecure HTTP protocol."
85f458c7c630ab14650d4970dd0a92a2,original,csharp,1,3,5,files.csharp.rules.lang.security.missing-hsts-header,"The HSTS HTTP response security header is missing, allowing interaction and communication to be sent over the insecure HTTP protocol."
87491f762ed02142c9130b395cd607f2,original,csharp,0,67,47,files.csharp.rules.lang.security.sqli.csharp-sqli,Detected a formatted string in a SQL statement. This could lead to SQL injection if variables in the SQL statement are not properly sanitized. Use a prepared statements instead. You can obtain a PreparedStatement using 'SqlCommand' and 'SqlParameter'.
87491f762ed02142c9130b395cd607f2,original,csharp,0,90,35,files.csharp.rules.lang.security.sqli.csharp-sqli,Detected a formatted string in a SQL statement. This could lead to SQL injection if variables in the SQL statement are not properly sanitized. Use a prepared statements instead. You can obtain a PreparedStatement using 'SqlCommand' and 'SqlParameter'.
8a4c14d713d7ceecf0264fb12eaaad8c,original,csharp,1,6,8,files.csharp.rules.lang.security.missing-hsts-header,"The HSTS HTTP response security header is missing, allowing interaction and communication to be sent over the insecure HTTP protocol."
8a4c14d713d7ceecf0264fb12eaaad8c,original,csharp,1,13,8,files.csharp.rules.lang.security.missing-hsts-header,"The HSTS HTTP response security header is missing, allowing interaction and communication to be sent over the insecure HTTP protocol."
8cbe6d64acdfdc768d47095a5cc5e1b2,original,csharp,1,3,8,files.csharp.rules.lang.security.missing-hsts-header,"The HSTS HTTP response security header is missing, allowing interaction and communication to be sent over the insecure HTTP protocol."
8cbe6d64acdfdc768d47095a5cc5e1b2,original,csharp,1,4,8,files.csharp.rules.lang.security.missing-hsts-header,"The HSTS HTTP response security header is missing, allowing interaction and communication to be sent over the insecure HTTP protocol."
8cbe6d64acdfdc768d47095a5cc5e1b2,original,csharp,3,23,8,files.csharp.rules.lang.security.missing-hsts-header,"The HSTS HTTP response security header is missing, allowing interaction and communication to be sent over the insecure HTTP protocol."
8f3cf7c630a5137b486f3c08ff66fd8b,original,csharp,1,6,1,files.csharp.rules.dotnet.security.audit.missing-or-broken-authorization,"Anonymous access shouldn't be allowed unless explicit by design. Access control checks are missing and potentially can be bypassed. This finding violates the principle of least privilege or deny by default, where access should only be permitted for a specific set of roles or conforms to a custom policy or users."
8f3cf7c630a5137b486f3c08ff66fd8b,original,csharp,1,26,16,files.csharp.rules.dotnet.security.audit.mass-assignment,"Mass assignment or Autobinding vulnerability in code allows an attacker to execute over-posting attacks, which could create a new parameter in the binding request and manipulate the underlying object in the application."
9707c24601ce061c2f504d583f056c49,original,csharp,1,12,12,files.csharp.rules.lang.security.missing-hsts-header,"The HSTS HTTP response security header is missing, allowing interaction and communication to be sent over the insecure HTTP protocol."
9707c24601ce061c2f504d583f056c49,original,csharp,1,61,12,files.csharp.rules.lang.security.missing-hsts-header,"The HSTS HTTP response security header is missing, allowing interaction and communication to be sent over the insecure HTTP protocol."
9707c24601ce061c2f504d583f056c49,original,csharp,2,6,4,files.csharp.rules.dotnet.security.audit.missing-or-broken-authorization,"Anonymous access shouldn't be allowed unless explicit by design. Access control checks are missing and potentially can be bypassed. This finding violates the principle of least privilege or deny by default, where access should only be permitted for a specific set of roles or conforms to a custom policy or users."
9f170d41ec16ed4b7fc8c71b091cb7ef,original,csharp,0,34,9,files.csharp.rules.lang.security.insecure-deserialization.insecure-binaryformatter-deserialization,"The BinaryFormatter type is dangerous and is not recommended for data processing. Applications should stop using BinaryFormatter as soon as possible, even if they believe the data they're processing to be trustworthy. BinaryFormatter is insecure and can't be made secure"
9f170d41ec16ed4b7fc8c71b091cb7ef,original,csharp,0,46,13,files.csharp.rules.lang.security.insecure-deserialization.insecure-binaryformatter-deserialization,"The BinaryFormatter type is dangerous and is not recommended for data processing. Applications should stop using BinaryFormatter as soon as possible, even if they believe the data they're processing to be trustworthy. BinaryFormatter is insecure and can't be made secure"
9f170d41ec16ed4b7fc8c71b091cb7ef,original,csharp,1,31,9,files.csharp.rules.lang.security.insecure-deserialization.insecure-binaryformatter-deserialization,"The BinaryFormatter type is dangerous and is not recommended for data processing. Applications should stop using BinaryFormatter as soon as possible, even if they believe the data they're processing to be trustworthy. BinaryFormatter is insecure and can't be made secure"
9f170d41ec16ed4b7fc8c71b091cb7ef,original,csharp,1,43,13,files.csharp.rules.lang.security.insecure-deserialization.insecure-binaryformatter-deserialization,"The BinaryFormatter type is dangerous and is not recommended for data processing. Applications should stop using BinaryFormatter as soon as possible, even if they believe the data they're processing to be trustworthy. BinaryFormatter is insecure and can't be made secure"
a7d61a11f44f07ee2c32fb2726763cf9,original,csharp,0,27,39,files.csharp.rules.lang.security.sqli.csharp-sqli,Detected a formatted string in a SQL statement. This could lead to SQL injection if variables in the SQL statement are not properly sanitized. Use a prepared statements instead. You can obtain a PreparedStatement using 'SqlCommand' and 'SqlParameter'.
b8582daa2b56d7b2b2147d57fa75ccc3,original,csharp,5,7,5,files.csharp.rules.lang.security.missing-hsts-header,"The HSTS HTTP response security header is missing, allowing interaction and communication to be sent over the insecure HTTP protocol."
b8582daa2b56d7b2b2147d57fa75ccc3,original,csharp,5,10,5,files.csharp.rules.lang.security.missing-hsts-header,"The HSTS HTTP response security header is missing, allowing interaction and communication to be sent over the insecure HTTP protocol."
bd93bf98d52321f9d2078c2baa8aa908,original,csharp,0,3,5,files.csharp.rules.lang.security.missing-hsts-header,"The HSTS HTTP response security header is missing, allowing interaction and communication to be sent over the insecure HTTP protocol."
bd93bf98d52321f9d2078c2baa8aa908,original,csharp,0,21,5,files.csharp.rules.lang.security.missing-hsts-header,"The HSTS HTTP response security header is missing, allowing interaction and communication to be sent over the insecure HTTP protocol."
c9e948ed280a939330eb9e1f4c6e3e82,original,csharp,1,21,5,files.csharp.rules.lang.security.missing-hsts-header,"The HSTS HTTP response security header is missing, allowing interaction and communication to be sent over the insecure HTTP protocol."
cb58cb3ebe98013b5425c22d1abbc3a2,original,csharp,2,9,9,files.csharp.rules.lang.security.missing-hsts-header,"The HSTS HTTP response security header is missing, allowing interaction and communication to be sent over the insecure HTTP protocol."
cb58cb3ebe98013b5425c22d1abbc3a2,original,csharp,2,12,9,files.csharp.rules.lang.security.missing-hsts-header,"The HSTS HTTP response security header is missing, allowing interaction and communication to be sent over the insecure HTTP protocol."
cb58cb3ebe98013b5425c22d1abbc3a2,original,csharp,2,15,9,files.csharp.rules.lang.security.missing-hsts-header,"The HSTS HTTP response security header is missing, allowing interaction and communication to be sent over the insecure HTTP protocol."
cb58cb3ebe98013b5425c22d1abbc3a2,original,csharp,2,22,13,files.csharp.rules.lang.security.missing-hsts-header,"The HSTS HTTP response security header is missing, allowing interaction and communication to be sent over the insecure HTTP protocol."
cb58cb3ebe98013b5425c22d1abbc3a2,original,csharp,2,25,9,files.csharp.rules.lang.security.missing-hsts-header,"The HSTS HTTP response security header is missing, allowing interaction and communication to be sent over the insecure HTTP protocol."
cb58cb3ebe98013b5425c22d1abbc3a2,original,csharp,2,26,9,files.csharp.rules.lang.security.missing-hsts-header,"The HSTS HTTP response security header is missing, allowing interaction and communication to be sent over the insecure HTTP protocol."
cb58cb3ebe98013b5425c22d1abbc3a2,original,csharp,2,27,9,files.csharp.rules.lang.security.missing-hsts-header,"The HSTS HTTP response security header is missing, allowing interaction and communication to be sent over the insecure HTTP protocol."
dc56a8534947fc7c9fc4efd530cdb236,original,csharp,1,3,5,files.csharp.rules.lang.security.missing-hsts-header,"The HSTS HTTP response security header is missing, allowing interaction and communication to be sent over the insecure HTTP protocol."
dc56a8534947fc7c9fc4efd530cdb236,original,csharp,1,7,5,files.csharp.rules.lang.security.missing-hsts-header,"The HSTS HTTP response security header is missing, allowing interaction and communication to be sent over the insecure HTTP protocol."
dc56a8534947fc7c9fc4efd530cdb236,original,csharp,6,5,9,files.csharp.rules.lang.security.missing-hsts-header,"The HSTS HTTP response security header is missing, allowing interaction and communication to be sent over the insecure HTTP protocol."
dc56a8534947fc7c9fc4efd530cdb236,original,csharp,6,8,5,files.csharp.rules.lang.security.missing-hsts-header,"The HSTS HTTP response security header is missing, allowing interaction and communication to be sent over the insecure HTTP protocol."
dc56a8534947fc7c9fc4efd530cdb236,original,csharp,6,10,5,files.csharp.rules.lang.security.missing-hsts-header,"The HSTS HTTP response security header is missing, allowing interaction and communication to be sent over the insecure HTTP protocol."
dc56a8534947fc7c9fc4efd530cdb236,original,csharp,6,11,5,files.csharp.rules.lang.security.missing-hsts-header,"The HSTS HTTP response security header is missing, allowing interaction and communication to be sent over the insecure HTTP protocol."
dc56a8534947fc7c9fc4efd530cdb236,original,csharp,6,13,5,files.csharp.rules.lang.security.missing-hsts-header,"The HSTS HTTP response security header is missing, allowing interaction and communication to be sent over the insecure HTTP protocol."
de00fc8bc030b189f2b1595f23123573,original,csharp,0,29,9,files.csharp.rules.lang.security.insecure-deserialization.insecure-binaryformatter-deserialization,"The BinaryFormatter type is dangerous and is not recommended for data processing. Applications should stop using BinaryFormatter as soon as possible, even if they believe the data they're processing to be trustworthy. BinaryFormatter is insecure and can't be made secure"
de00fc8bc030b189f2b1595f23123573,original,csharp,0,39,9,files.csharp.rules.lang.security.insecure-deserialization.insecure-binaryformatter-deserialization,"The BinaryFormatter type is dangerous and is not recommended for data processing. Applications should stop using BinaryFormatter as soon as possible, even if they believe the data they're processing to be trustworthy. BinaryFormatter is insecure and can't be made secure"
de00fc8bc030b189f2b1595f23123573,original,csharp,1,31,9,files.csharp.rules.lang.security.insecure-deserialization.insecure-binaryformatter-deserialization,"The BinaryFormatter type is dangerous and is not recommended for data processing. Applications should stop using BinaryFormatter as soon as possible, even if they believe the data they're processing to be trustworthy. BinaryFormatter is insecure and can't be made secure"
de00fc8bc030b189f2b1595f23123573,original,csharp,1,41,9,files.csharp.rules.lang.security.insecure-deserialization.insecure-binaryformatter-deserialization,"The BinaryFormatter type is dangerous and is not recommended for data processing. Applications should stop using BinaryFormatter as soon as possible, even if they believe the data they're processing to be trustworthy. BinaryFormatter is insecure and can't be made secure"
de0bccffbe7138e51fceea84300f0f4e,original,csharp,0,3,10,files.csharp.rules.lang.security.missing-hsts-header,"The HSTS HTTP response security header is missing, allowing interaction and communication to be sent over the insecure HTTP protocol."
de0bccffbe7138e51fceea84300f0f4e,original,csharp,1,3,10,files.csharp.rules.lang.security.missing-hsts-header,"The HSTS HTTP response security header is missing, allowing interaction and communication to be sent over the insecure HTTP protocol."
de0bccffbe7138e51fceea84300f0f4e,original,csharp,1,4,10,files.csharp.rules.lang.security.missing-hsts-header,"The HSTS HTTP response security header is missing, allowing interaction and communication to be sent over the insecure HTTP protocol."
f12db9fd65f4d2bd9345cf411796d3b1,original,csharp,3,5,9,files.csharp.rules.lang.security.missing-hsts-header,"The HSTS HTTP response security header is missing, allowing interaction and communication to be sent over the insecure HTTP protocol."
f12db9fd65f4d2bd9345cf411796d3b1,original,csharp,3,17,9,files.csharp.rules.lang.security.missing-hsts-header,"The HSTS HTTP response security header is missing, allowing interaction and communication to be sent over the insecure HTTP protocol."
fd627f001237441ce332926682c50f2f,original,csharp,2,11,9,files.csharp.rules.lang.security.missing-hsts-header,"The HSTS HTTP response security header is missing, allowing interaction and communication to be sent over the insecure HTTP protocol."
fd627f001237441ce332926682c50f2f,original,csharp,2,14,9,files.csharp.rules.lang.security.missing-hsts-header,"The HSTS HTTP response security header is missing, allowing interaction and communication to be sent over the insecure HTTP protocol."
fd627f001237441ce332926682c50f2f,original,csharp,3,7,1,files.csharp.rules.dotnet.security.audit.missing-or-broken-authorization,"Anonymous access shouldn't be allowed unless explicit by design. Access control checks are missing and potentially can be bypassed. This finding violates the principle of least privilege or deny by default, where access should only be permitted for a specific set of roles or conforms to a custom policy or users."
06ac3ad39fc850bcfabe99e11829f561,original,java,2,16,13,files.java.rules.lang.security.audit.xxe.documentbuilderfactory-disallow-doctype-decl-missing,"DOCTYPE declarations are enabled for this DocumentBuilderFactory. This is vulnerable to XML external entity attacks. Disable this by setting the feature ""http://apache.org/xml/features/disallow-doctype-decl"" to true. Alternatively, allow DOCTYPE declarations and only prohibit external entities declarations. This can be done by setting the features ""http://xml.org/sax/features/external-general-entities"" and ""http://xml.org/sax/features/external-parameter-entities"" to false."
12f8ea0ceee98f1fc0199f3d0f52dab0,original,java,0,20,13,files.java.rules.lang.security.audit.xxe.documentbuilderfactory-disallow-doctype-decl-missing,"DOCTYPE declarations are enabled for this DocumentBuilderFactory. This is vulnerable to XML external entity attacks. Disable this by setting the feature ""http://apache.org/xml/features/disallow-doctype-decl"" to true. Alternatively, allow DOCTYPE declarations and only prohibit external entities declarations. This can be done by setting the features ""http://xml.org/sax/features/external-general-entities"" and ""http://xml.org/sax/features/external-parameter-entities"" to false."
1c2347ea20f7362bdd7c55fce78c3263,original,java,5,4,6,files.java.rules.spring.security.unrestricted-request-mapping,"Detected a method annotated with 'RequestMapping' that does not specify the HTTP method. CSRF protections are not enabled for GET, HEAD, TRACE, or OPTIONS, and by default all HTTP methods are allowed when the HTTP method is not explicitly specified. This means that a method that performs state changes could be vulnerable to CSRF attacks. To mitigate, add the 'method' field and specify the HTTP method (such as 'RequestMethod.POST')."
2a180bef54f919faa69b2ed07ce4a67c,original,java,0,6,42,files.java.rules.lang.security.audit.crypto.unencrypted-socket,"Detected use of a Java socket that is not encrypted. As a result, the traffic could be read by an attacker intercepting the network traffic. Use an SSLSocket created by 'SSLSocketFactory' or 'SSLServerSocketFactory' instead."
2a180bef54f919faa69b2ed07ce4a67c,original,java,1,23,29,files.java.rules.lang.security.audit.crypto.unencrypted-socket,"Detected use of a Java socket that is not encrypted. As a result, the traffic could be read by an attacker intercepting the network traffic. Use an SSLSocket created by 'SSLSocketFactory' or 'SSLServerSocketFactory' instead."
32997760cc2d8140999564a965cfa385,original,java,0,6,1,files.java.rules.rmi.security.server-dangerous-class-deserialization,"Using a non-primitive class with Java RMI may be an insecure deserialization vulnerability. Depending on the underlying implementation. This object could be manipulated by a malicious actor allowing them to execute code on your system. Instead, use an integer ID to look up your object, or consider alternative serialization schemes such as JSON."
36ce6058180dc19b6546bcd2568cb85c,original,java,1,17,9,files.java.rules.lang.security.audit.crypto.ecb-cipher,"Cipher in ECB mode is detected. ECB mode produces the same output for the same input each time which allows an attacker to intercept and replay the data. Further, ECB mode does not provide any integrity checking. See https://find-sec-bugs.github.io/bugs.htm#CIPHER_INTEGRITY."
36ce6058180dc19b6546bcd2568cb85c,original,java,1,17,25,files.java.rules.lang.security.audit.crypto.use-of-aes-ecb,"Use of AES with ECB mode detected. ECB doesn't provide message confidentiality and  is not semantically secure so should not be used. Instead, use a strong, secure cipher: Cipher.getInstance(""AES/CBC/PKCS7PADDING""). See https://owasp.org/www-community/Using_the_Java_Cryptographic_Extensions for more information."
36e28a5e1605c5f94269aad99417b6d1,original,java,1,10,9,files.java.rules.lang.security.audit.xxe.transformerfactory-dtds-not-disabled,"DOCTYPE declarations are enabled for this TransformerFactory. This is vulnerable to XML external entity attacks. Disable this by setting the attributes ""accessExternalDTD"" and ""accessExternalStylesheet"" to """"."
3e57d69104299d1a51a6c83128bd6526,original,java,1,31,33,files.java.rules.lang.security.audit.weak-ssl-context,"An insecure SSL context was detected. TLS versions 1.0, 1.1, and all SSL versions are considered weak encryption and are deprecated. Use SSLContext.getInstance(""TLSv1.2"") for the best security."
410e9a5d8a20c82080d1dc86c11b68ea,original,java,1,11,37,files.java.rules.lang.security.audit.command-injection-process-builder,A formatted or concatenated string was detected as input to a ProcessBuilder call. This is dangerous if a variable is controlled by user input and could result in a command injection. Ensure your variables are not controlled by users or sufficiently sanitized.
44030215fd3ba8501297970962fa33f5,original,java,0,31,14,files.java.rules.lang.security.audit.object-deserialization,"Found object deserialization using ObjectInputStream. Deserializing entire Java objects is dangerous because malicious actors can create Java object streams with unintended consequences. Ensure that the objects being deserialized are not user-controlled. If this must be done, consider using HMACs to sign the data stream to make sure it is not tampered with, or consider only transmitting object fields and populating a new object."
4d7444fd1afb08b7ec92631730607fae,original,java,0,12,42,files.java.rules.lang.security.audit.crypto.unencrypted-socket,"Detected use of a Java socket that is not encrypted. As a result, the traffic could be read by an attacker intercepting the network traffic. Use an SSLSocket created by 'SSLSocketFactory' or 'SSLServerSocketFactory' instead."
4d7444fd1afb08b7ec92631730607fae,original,java,1,47,29,files.java.rules.lang.security.audit.crypto.unencrypted-socket,"Detected use of a Java socket that is not encrypted. As a result, the traffic could be read by an attacker intercepting the network traffic. Use an SSLSocket created by 'SSLSocketFactory' or 'SSLServerSocketFactory' instead."
5324e195d6614aaa6af27c9e33de8c29,original,java,0,47,26,files.java.rules.lang.security.audit.crypto.unencrypted-socket,"Detected use of a Java socket that is not encrypted. As a result, the traffic could be read by an attacker intercepting the network traffic. Use an SSLSocket created by 'SSLSocketFactory' or 'SSLServerSocketFactory' instead."
5aca47b467de285189f8dcd13033974f,original,java,1,7,42,files.java.rules.lang.security.audit.crypto.unencrypted-socket,"Detected use of a Java socket that is not encrypted. As a result, the traffic could be read by an attacker intercepting the network traffic. Use an SSLSocket created by 'SSLSocketFactory' or 'SSLServerSocketFactory' instead."
5aca47b467de285189f8dcd13033974f,original,java,2,9,30,files.java.rules.lang.security.audit.crypto.unencrypted-socket,"Detected use of a Java socket that is not encrypted. As a result, the traffic could be read by an attacker intercepting the network traffic. Use an SSLSocket created by 'SSLSocketFactory' or 'SSLServerSocketFactory' instead."
6192110458d972c81bb7d18541b127ec,original,java,0,16,33,files.java.rules.lang.security.audit.weak-ssl-context,"An insecure SSL context was detected. TLS versions 1.0, 1.1, and all SSL versions are considered weak encryption and are deprecated. Use SSLContext.getInstance(""TLSv1.2"") for the best security."
6192110458d972c81bb7d18541b127ec,original,java,1,7,33,files.java.rules.lang.security.audit.weak-ssl-context,"An insecure SSL context was detected. TLS versions 1.0, 1.1, and all SSL versions are considered weak encryption and are deprecated. Use SSLContext.getInstance(""TLSv1.2"") for the best security."
63f117b0f480fccf2bc596689814faf4,original,java,0,22,23,files.java.rules.lang.security.audit.crypto.weak-random,"Detected use of the functions `Math.random()` or `java.util.Random()`. These are both not cryptographically strong random number generators (RNGs). If you are using these RNGs to create passwords or secret tokens, use `java.security.SecureRandom` instead."
68370cc6ab3891899ce283de8d2ffc72,original,java,0,26,5,files.java.rules.lang.security.audit.bad-hexa-conversion,"'Integer.toHexString()' strips leading zeroes from each byte if read byte-by-byte. This mistake weakens the hash value computed since it introduces more collisions. Use 'String.format(""%02X"", ...)' instead."
690f5d08f66ca140947ca2ad3055eb91,original,java,3,6,37,files.java.rules.lang.security.audit.crypto.unencrypted-socket,"Detected use of a Java socket that is not encrypted. As a result, the traffic could be read by an attacker intercepting the network traffic. Use an SSLSocket created by 'SSLSocketFactory' or 'SSLServerSocketFactory' instead."
690f5d08f66ca140947ca2ad3055eb91,original,java,4,6,25,files.java.rules.lang.security.audit.crypto.unencrypted-socket,"Detected use of a Java socket that is not encrypted. As a result, the traffic could be read by an attacker intercepting the network traffic. Use an SSLSocket created by 'SSLSocketFactory' or 'SSLServerSocketFactory' instead."
74664080e87465acfb2dca20355eaf1c,original,java,1,11,23,files.java.rules.lang.security.audit.crypto.unencrypted-socket,"Detected use of a Java socket that is not encrypted. As a result, the traffic could be read by an attacker intercepting the network traffic. Use an SSLSocket created by 'SSLSocketFactory' or 'SSLServerSocketFactory' instead."
74664080e87465acfb2dca20355eaf1c,original,java,1,23,17,files.java.rules.lang.security.audit.object-deserialization,"Found object deserialization using ObjectInputStream. Deserializing entire Java objects is dangerous because malicious actors can create Java object streams with unintended consequences. Ensure that the objects being deserialized are not user-controlled. If this must be done, consider using HMACs to sign the data stream to make sure it is not tampered with, or consider only transmitting object fields and populating a new object."
74664080e87465acfb2dca20355eaf1c,original,java,3,9,37,files.java.rules.lang.security.audit.crypto.unencrypted-socket,"Detected use of a Java socket that is not encrypted. As a result, the traffic could be read by an attacker intercepting the network traffic. Use an SSLSocket created by 'SSLSocketFactory' or 'SSLServerSocketFactory' instead."
74664080e87465acfb2dca20355eaf1c,original,java,3,20,13,files.java.rules.lang.security.audit.object-deserialization,"Found object deserialization using ObjectInputStream. Deserializing entire Java objects is dangerous because malicious actors can create Java object streams with unintended consequences. Ensure that the objects being deserialized are not user-controlled. If this must be done, consider using HMACs to sign the data stream to make sure it is not tampered with, or consider only transmitting object fields and populating a new object."
74664080e87465acfb2dca20355eaf1c,original,java,4,8,23,files.java.rules.lang.security.audit.crypto.unencrypted-socket,"Detected use of a Java socket that is not encrypted. As a result, the traffic could be read by an attacker intercepting the network traffic. Use an SSLSocket created by 'SSLSocketFactory' or 'SSLServerSocketFactory' instead."
79a94537a0143f6a66f08c509394fbdc,original,java,0,12,42,files.java.rules.lang.security.audit.crypto.unencrypted-socket,"Detected use of a Java socket that is not encrypted. As a result, the traffic could be read by an attacker intercepting the network traffic. Use an SSLSocket created by 'SSLSocketFactory' or 'SSLServerSocketFactory' instead."
79a94537a0143f6a66f08c509394fbdc,original,java,0,45,17,files.java.rules.lang.security.audit.object-deserialization,"Found object deserialization using ObjectInputStream. Deserializing entire Java objects is dangerous because malicious actors can create Java object streams with unintended consequences. Ensure that the objects being deserialized are not user-controlled. If this must be done, consider using HMACs to sign the data stream to make sure it is not tampered with, or consider only transmitting object fields and populating a new object."
79a94537a0143f6a66f08c509394fbdc,original,java,0,46,17,files.java.rules.lang.security.audit.object-deserialization,"Found object deserialization using ObjectInputStream. Deserializing entire Java objects is dangerous because malicious actors can create Java object streams with unintended consequences. Ensure that the objects being deserialized are not user-controlled. If this must be done, consider using HMACs to sign the data stream to make sure it is not tampered with, or consider only transmitting object fields and populating a new object."
7cfc5e7f05582a66b91909652342b709,original,java,0,13,6,files.java.rules.spring.security.unrestricted-request-mapping,"Detected a method annotated with 'RequestMapping' that does not specify the HTTP method. CSRF protections are not enabled for GET, HEAD, TRACE, or OPTIONS, and by default all HTTP methods are allowed when the HTTP method is not explicitly specified. This means that a method that performs state changes could be vulnerable to CSRF attacks. To mitigate, add the 'method' field and specify the HTTP method (such as 'RequestMethod.POST')."
7cfc5e7f05582a66b91909652342b709,original,java,0,18,6,files.java.rules.spring.security.unrestricted-request-mapping,"Detected a method annotated with 'RequestMapping' that does not specify the HTTP method. CSRF protections are not enabled for GET, HEAD, TRACE, or OPTIONS, and by default all HTTP methods are allowed when the HTTP method is not explicitly specified. This means that a method that performs state changes could be vulnerable to CSRF attacks. To mitigate, add the 'method' field and specify the HTTP method (such as 'RequestMethod.POST')."
7dcaa342a190b35552a6bc444666f0e3,original,java,0,66,14,files.java.rules.lang.security.audit.object-deserialization,"Found object deserialization using ObjectInputStream. Deserializing entire Java objects is dangerous because malicious actors can create Java object streams with unintended consequences. Ensure that the objects being deserialized are not user-controlled. If this must be done, consider using HMACs to sign the data stream to make sure it is not tampered with, or consider only transmitting object fields and populating a new object."
8136fda6374b8b7211623a16dabf0ac4,original,java,0,116,14,files.java.rules.lang.security.audit.object-deserialization,"Found object deserialization using ObjectInputStream. Deserializing entire Java objects is dangerous because malicious actors can create Java object streams with unintended consequences. Ensure that the objects being deserialized are not user-controlled. If this must be done, consider using HMACs to sign the data stream to make sure it is not tampered with, or consider only transmitting object fields and populating a new object."
908efbc83f60e0b3798e4ab8fb75cc3a,original,java,0,23,44,files.java.rules.lang.security.audit.cbc-padding-oracle,"Using CBC with PKCS5Padding is susceptible to padding oracle attacks. A malicious actor could discern the difference between plaintext with valid or invalid padding. Further, CBC mode does not include any integrity checks. Use 'AES/GCM/NoPadding' instead."
908efbc83f60e0b3798e4ab8fb75cc3a,original,java,0,32,44,files.java.rules.lang.security.audit.cbc-padding-oracle,"Using CBC with PKCS5Padding is susceptible to padding oracle attacks. A malicious actor could discern the difference between plaintext with valid or invalid padding. Further, CBC mode does not include any integrity checks. Use 'AES/GCM/NoPadding' instead."
908efbc83f60e0b3798e4ab8fb75cc3a,original,java,1,10,44,files.java.rules.lang.security.audit.cbc-padding-oracle,"Using CBC with PKCS5Padding is susceptible to padding oracle attacks. A malicious actor could discern the difference between plaintext with valid or invalid padding. Further, CBC mode does not include any integrity checks. Use 'AES/GCM/NoPadding' instead."
908efbc83f60e0b3798e4ab8fb75cc3a,original,java,1,40,44,files.java.rules.lang.security.audit.cbc-padding-oracle,"Using CBC with PKCS5Padding is susceptible to padding oracle attacks. A malicious actor could discern the difference between plaintext with valid or invalid padding. Further, CBC mode does not include any integrity checks. Use 'AES/GCM/NoPadding' instead."
9ed52d4167dac276bc0b0af265a88467,original,java,0,22,17,files.java.rules.lang.security.audit.xss.no-direct-response-writer,"Detected a request with potential user-input going into a OutputStream or Writer object. This bypasses any view or template environments, including HTML escaping, which may expose this application to cross-site scripting (XSS) vulnerabilities. Consider using a view technology such as JavaServer Faces (JSFs) which automatically escapes HTML views."
ac08316b54e604412d56ddaf99cceba3,original,java,0,33,13,files.java.rules.lang.security.audit.object-deserialization,"Found object deserialization using ObjectInputStream. Deserializing entire Java objects is dangerous because malicious actors can create Java object streams with unintended consequences. Ensure that the objects being deserialized are not user-controlled. If this must be done, consider using HMACs to sign the data stream to make sure it is not tampered with, or consider only transmitting object fields and populating a new object."
ae00707a9ba5f225e95db79e9ee55702,original,java,0,28,9,files.java.rules.lang.security.audit.cookie-missing-httponly,A cookie was detected without setting the 'HttpOnly' flag. The 'HttpOnly' flag for cookies instructs the browser to forbid client-side scripts from reading the cookie. Set the 'HttpOnly' flag by calling 'cookie.setHttpOnly(true);'
ae00707a9ba5f225e95db79e9ee55702,original,java,0,28,9,files.java.rules.lang.security.audit.cookie-missing-secure-flag,A cookie was detected without setting the 'secure' flag. The 'secure' flag for cookies prevents the client from transmitting the cookie over insecure channels such as HTTP. Set the 'secure' flag by calling 'cookie.setSecure(true);'
b2a3a8b5f91441afd03df1910a853550,original,java,1,12,14,files.java.rules.lang.security.audit.object-deserialization,"Found object deserialization using ObjectInputStream. Deserializing entire Java objects is dangerous because malicious actors can create Java object streams with unintended consequences. Ensure that the objects being deserialized are not user-controlled. If this must be done, consider using HMACs to sign the data stream to make sure it is not tampered with, or consider only transmitting object fields and populating a new object."
b4795a02dec5a1d1a7f49d5c2bad907a,original,java,0,12,41,files.java.rules.lang.security.audit.crypto.unencrypted-socket,"Detected use of a Java socket that is not encrypted. As a result, the traffic could be read by an attacker intercepting the network traffic. Use an SSLSocket created by 'SSLSocketFactory' or 'SSLServerSocketFactory' instead."
b4795a02dec5a1d1a7f49d5c2bad907a,original,java,0,32,17,files.java.rules.lang.security.audit.object-deserialization,"Found object deserialization using ObjectInputStream. Deserializing entire Java objects is dangerous because malicious actors can create Java object streams with unintended consequences. Ensure that the objects being deserialized are not user-controlled. If this must be done, consider using HMACs to sign the data stream to make sure it is not tampered with, or consider only transmitting object fields and populating a new object."
b4795a02dec5a1d1a7f49d5c2bad907a,original,java,1,9,29,files.java.rules.lang.security.audit.crypto.unencrypted-socket,"Detected use of a Java socket that is not encrypted. As a result, the traffic could be read by an attacker intercepting the network traffic. Use an SSLSocket created by 'SSLSocketFactory' or 'SSLServerSocketFactory' instead."
b4795a02dec5a1d1a7f49d5c2bad907a,original,java,1,13,13,files.java.rules.lang.security.audit.object-deserialization,"Found object deserialization using ObjectInputStream. Deserializing entire Java objects is dangerous because malicious actors can create Java object streams with unintended consequences. Ensure that the objects being deserialized are not user-controlled. If this must be done, consider using HMACs to sign the data stream to make sure it is not tampered with, or consider only transmitting object fields and populating a new object."
e43d382d17d5a0bff9c6d7a65a91109c,original,java,0,17,37,files.java.rules.lang.security.audit.weak-ssl-context,"An insecure SSL context was detected. TLS versions 1.0, 1.1, and all SSL versions are considered weak encryption and are deprecated. Use SSLContext.getInstance(""TLSv1.2"") for the best security."
e43d382d17d5a0bff9c6d7a65a91109c,original,java,1,8,37,files.java.rules.lang.security.audit.weak-ssl-context,"An insecure SSL context was detected. TLS versions 1.0, 1.1, and all SSL versions are considered weak encryption and are deprecated. Use SSLContext.getInstance(""TLSv1.2"") for the best security."
e43d382d17d5a0bff9c6d7a65a91109c,original,java,1,38,5,files.java.rules.lang.security.audit.crypto.ssl.insecure-trust-manager,"Detected empty trust manager implementations. This is dangerous because it accepts any certificate, enabling man-in-the-middle attacks. Consider using a KeyStore and TrustManagerFactory instead. See https://stackoverflow.com/questions/2642777/trusting-all-certificates-using-httpclient-over-https for more information."
e43d382d17d5a0bff9c6d7a65a91109c,original,java,1,39,5,files.java.rules.lang.security.audit.crypto.ssl.insecure-trust-manager,"Detected empty trust manager implementations. This is dangerous because it accepts any certificate, enabling man-in-the-middle attacks. Consider using a KeyStore and TrustManagerFactory instead. See https://stackoverflow.com/questions/2642777/trusting-all-certificates-using-httpclient-over-https for more information."
e71f60cc3e92d5adc12c9081da2c7280,original,java,1,22,13,files.java.rules.lang.security.audit.object-deserialization,"Found object deserialization using ObjectInputStream. Deserializing entire Java objects is dangerous because malicious actors can create Java object streams with unintended consequences. Ensure that the objects being deserialized are not user-controlled. If this must be done, consider using HMACs to sign the data stream to make sure it is not tampered with, or consider only transmitting object fields and populating a new object."
e72c53e0a097e887f931e0ad961cc3c0,original,java,0,37,9,files.java.rules.lang.security.audit.xxe.saxparserfactory-disallow-doctype-decl-missing,"DOCTYPE declarations are enabled for this SAXParserFactory. This is vulnerable to XML external entity attacks. Disable this by setting the feature `http://apache.org/xml/features/disallow-doctype-decl` to true. Alternatively, allow DOCTYPE declarations and only prohibit external entities declarations. This can be done by setting the features `http://xml.org/sax/features/external-general-entities` and `http://xml.org/sax/features/external-parameter-entities` to false. NOTE - The previous links are not meant to be clicked. They are the literal config key values that are supposed to be used to disable these features. For more information, see https://semgrep.dev/docs/cheat-sheets/java-xxe/#3a-documentbuilderfactory."
e7906e8079d04898c33bbe4a7b7cac8b,original,java,1,9,24,files.java.rules.lang.security.audit.crypto.ssl.insecure-trust-manager,"Detected empty trust manager implementations. This is dangerous because it accepts any certificate, enabling man-in-the-middle attacks. Consider using a KeyStore and TrustManagerFactory instead. See https://stackoverflow.com/questions/2642777/trusting-all-certificates-using-httpclient-over-https for more information."
e7906e8079d04898c33bbe4a7b7cac8b,original,java,1,12,24,files.java.rules.lang.security.audit.crypto.ssl.insecure-trust-manager,"Detected empty trust manager implementations. This is dangerous because it accepts any certificate, enabling man-in-the-middle attacks. Consider using a KeyStore and TrustManagerFactory instead. See https://stackoverflow.com/questions/2642777/trusting-all-certificates-using-httpclient-over-https for more information."
e7906e8079d04898c33bbe4a7b7cac8b,original,java,1,13,24,files.java.rules.lang.security.audit.crypto.ssl.insecure-trust-manager,"Detected empty trust manager implementations. This is dangerous because it accepts any certificate, enabling man-in-the-middle attacks. Consider using a KeyStore and TrustManagerFactory instead. See https://stackoverflow.com/questions/2642777/trusting-all-certificates-using-httpclient-over-https for more information."
e7906e8079d04898c33bbe4a7b7cac8b,original,java,1,17,32,files.java.rules.lang.security.audit.weak-ssl-context,"An insecure SSL context was detected. TLS versions 1.0, 1.1, and all SSL versions are considered weak encryption and are deprecated. Use SSLContext.getInstance(""TLSv1.2"") for the best security."
f2fe009c4134926a654d455645a00dda,original,java,1,14,13,files.java.rules.lang.security.audit.xxe.saxparserfactory-disallow-doctype-decl-missing,"DOCTYPE declarations are enabled for this SAXParserFactory. This is vulnerable to XML external entity attacks. Disable this by setting the feature `http://apache.org/xml/features/disallow-doctype-decl` to true. Alternatively, allow DOCTYPE declarations and only prohibit external entities declarations. This can be done by setting the features `http://xml.org/sax/features/external-general-entities` and `http://xml.org/sax/features/external-parameter-entities` to false. NOTE - The previous links are not meant to be clicked. They are the literal config key values that are supposed to be used to disable these features. For more information, see https://semgrep.dev/docs/cheat-sheets/java-xxe/#3a-documentbuilderfactory."
f81c291e5708d17a4ec5f2a33ed00274,original,java,0,7,42,files.java.rules.lang.security.audit.crypto.unencrypted-socket,"Detected use of a Java socket that is not encrypted. As a result, the traffic could be read by an attacker intercepting the network traffic. Use an SSLSocket created by 'SSLSocketFactory' or 'SSLServerSocketFactory' instead."
f81c291e5708d17a4ec5f2a33ed00274,original,java,1,8,30,files.java.rules.lang.security.audit.crypto.unencrypted-socket,"Detected use of a Java socket that is not encrypted. As a result, the traffic could be read by an attacker intercepting the network traffic. Use an SSLSocket created by 'SSLSocketFactory' or 'SSLServerSocketFactory' instead."
0405f428258d814f886de4ad289a64b6,original,javascript,2,11,21,files.javascript.rules.browser.security.insecure-document-method,"User controlled data in methods like `innerHTML`, `outerHTML` or `document.write` is an anti-pattern that can lead to XSS vulnerabilities"
0405f428258d814f886de4ad289a64b6,original,javascript,2,11,21,files.javascript.rules.browser.security.insecure-innerhtml,User controlled data in a `svgContainer.innerHTML` is an anti-pattern that can lead to XSS vulnerabilities
0405f428258d814f886de4ad289a64b6,original,javascript,2,11,47,files.javascript.rules.lang.security.html-in-template-string,"This template literal looks like HTML and has interpolated variables. These variables are not HTML-encoded by default. If the variables contain HTML tags, these may be interpreted by the browser, resulting in cross-site scripting (XSS)."
04784a1b06ca71f250ddb1fe62062d81,original,javascript,2,4,5,files.javascript.rules.browser.security.insecure-document-method,"User controlled data in methods like `innerHTML`, `outerHTML` or `document.write` is an anti-pattern that can lead to XSS vulnerabilities"
04784a1b06ca71f250ddb1fe62062d81,original,javascript,2,4,5,files.javascript.rules.browser.security.insecure-innerhtml,"User controlled data in a `document.getElementById(""qrcode"").innerHTML` is an anti-pattern that can lead to XSS vulnerabilities"
04a79e97af826c0624bafeb853d4c9ac,original,javascript,0,25,5,files.javascript.rules.browser.security.insecure-document-method,"User controlled data in methods like `innerHTML`, `outerHTML` or `document.write` is an anti-pattern that can lead to XSS vulnerabilities"
04a79e97af826c0624bafeb853d4c9ac,original,javascript,0,25,5,files.javascript.rules.browser.security.insecure-innerhtml,User controlled data in a `parentDiv.innerHTML` is an anti-pattern that can lead to XSS vulnerabilities
06313a257120937130f5afc3e90c89b2,original,javascript,5,7,7,files.javascript.rules.express.security.audit.express-check-csurf-middleware-usage,A CSRF middleware was not detected in your express application. Ensure you are either using one such as `csurf` or `csrf` (see rule references) and/or you are properly doing CSRF validation in your routes with a token or cookies.
0754597eb578db264188f79b0d4c519d,original,javascript,2,14,9,files.javascript.rules.browser.security.insecure-document-method,"User controlled data in methods like `innerHTML`, `outerHTML` or `document.write` is an anti-pattern that can lead to XSS vulnerabilities"
0754597eb578db264188f79b0d4c519d,original,javascript,2,14,9,files.javascript.rules.browser.security.insecure-innerhtml,User controlled data in a `productDiv.innerHTML` is an anti-pattern that can lead to XSS vulnerabilities
0754597eb578db264188f79b0d4c519d,original,javascript,2,14,32,files.javascript.rules.lang.security.html-in-template-string,"This template literal looks like HTML and has interpolated variables. These variables are not HTML-encoded by default. If the variables contain HTML tags, these may be interpreted by the browser, resulting in cross-site scripting (XSS)."
0754597eb578db264188f79b0d4c519d,original,javascript,2,34,9,files.javascript.rules.browser.security.insecure-document-method,"User controlled data in methods like `innerHTML`, `outerHTML` or `document.write` is an anti-pattern that can lead to XSS vulnerabilities"
0754597eb578db264188f79b0d4c519d,original,javascript,2,34,9,files.javascript.rules.browser.security.insecure-innerhtml,User controlled data in a `cartItem.innerHTML` is an anti-pattern that can lead to XSS vulnerabilities
0754597eb578db264188f79b0d4c519d,original,javascript,2,34,30,files.javascript.rules.lang.security.html-in-template-string,"This template literal looks like HTML and has interpolated variables. These variables are not HTML-encoded by default. If the variables contain HTML tags, these may be interpreted by the browser, resulting in cross-site scripting (XSS)."
08abbc4b1c5ad8341641cc03ab93c298,original,javascript,0,22,33,files.javascript.rules.lang.security.audit.detect-redos,"Detected the use of a regular expression `[\w-]+(?:\.[\w-]+)*@[A-Za-z0-9]+(?:\.[A-Za-z]{2,})+` which appears to be vulnerable to a Regular expression Denial-of-Service (ReDoS). For this reason, it is recommended to review the regex and ensure it is not vulnerable to catastrophic backtracking, and if possible use a library which offers default safety against ReDoS vulnerabilities."
0babbff5ac35c3f8dbe51a67115aa48b,original,javascript,3,19,7,files.javascript.rules.express.security.audit.express-check-csurf-middleware-usage,A CSRF middleware was not detected in your express application. Ensure you are either using one such as `csurf` or `csrf` (see rule references) and/or you are properly doing CSRF validation in your routes with a token or cookies.
0babbff5ac35c3f8dbe51a67115aa48b,original,javascript,5,17,10,files.javascript.rules.express.security.audit.express-check-csurf-middleware-usage,A CSRF middleware was not detected in your express application. Ensure you are either using one such as `csurf` or `csrf` (see rule references) and/or you are properly doing CSRF validation in your routes with a token or cookies.
0dae168cdcf3bddb941ba543977d9b65,original,javascript,3,14,9,files.javascript.rules.browser.security.insecure-document-method,"User controlled data in methods like `innerHTML`, `outerHTML` or `document.write` is an anti-pattern that can lead to XSS vulnerabilities"
0dae168cdcf3bddb941ba543977d9b65,original,javascript,3,14,9,files.javascript.rules.browser.security.insecure-innerhtml,User controlled data in a `productDiv.innerHTML` is an anti-pattern that can lead to XSS vulnerabilities
0dae168cdcf3bddb941ba543977d9b65,original,javascript,3,14,32,files.javascript.rules.lang.security.html-in-template-string,"This template literal looks like HTML and has interpolated variables. These variables are not HTML-encoded by default. If the variables contain HTML tags, these may be interpreted by the browser, resulting in cross-site scripting (XSS)."
0dae168cdcf3bddb941ba543977d9b65,original,javascript,3,35,9,files.javascript.rules.browser.security.insecure-document-method,"User controlled data in methods like `innerHTML`, `outerHTML` or `document.write` is an anti-pattern that can lead to XSS vulnerabilities"
0dae168cdcf3bddb941ba543977d9b65,original,javascript,3,35,9,files.javascript.rules.browser.security.insecure-innerhtml,User controlled data in a `cartItemDiv.innerHTML` is an anti-pattern that can lead to XSS vulnerabilities
0dae168cdcf3bddb941ba543977d9b65,original,javascript,3,35,33,files.javascript.rules.lang.security.html-in-template-string,"This template literal looks like HTML and has interpolated variables. These variables are not HTML-encoded by default. If the variables contain HTML tags, these may be interpreted by the browser, resulting in cross-site scripting (XSS)."
0dae168cdcf3bddb941ba543977d9b65,original,javascript,7,9,20,files.javascript.rules.browser.security.insecure-document-method,"User controlled data in methods like `innerHTML`, `outerHTML` or `document.write` is an anti-pattern that can lead to XSS vulnerabilities"
0dae168cdcf3bddb941ba543977d9b65,original,javascript,7,9,20,files.javascript.rules.browser.security.insecure-innerhtml,User controlled data in a `productDiv.innerHTML` is an anti-pattern that can lead to XSS vulnerabilities
0dae168cdcf3bddb941ba543977d9b65,original,javascript,7,9,43,files.javascript.rules.lang.security.html-in-template-string,"This template literal looks like HTML and has interpolated variables. These variables are not HTML-encoded by default. If the variables contain HTML tags, these may be interpreted by the browser, resulting in cross-site scripting (XSS)."
0ec6538f12ea9d8ae8561e68317d6004,original,javascript,2,2,7,files.javascript.rules.express.security.audit.express-check-csurf-middleware-usage,A CSRF middleware was not detected in your express application. Ensure you are either using one such as `csurf` or `csrf` (see rule references) and/or you are properly doing CSRF validation in your routes with a token or cookies.
0ec6538f12ea9d8ae8561e68317d6004,original,javascript,3,23,5,files.javascript.rules.express.security.express-data-exfiltration,"Depending on the context, user control data in `Object.assign` can cause web response to include data that it should not have or can lead to a mass assignment vulnerability."
0fa3a3b1a90a58ccfb20531616785081,original,javascript,0,25,9,files.javascript.rules.browser.security.insecure-document-method,"User controlled data in methods like `innerHTML`, `outerHTML` or `document.write` is an anti-pattern that can lead to XSS vulnerabilities"
0fa3a3b1a90a58ccfb20531616785081,original,javascript,0,25,9,files.javascript.rules.browser.security.insecure-innerhtml,User controlled data in a `parentDiv.innerHTML` is an anti-pattern that can lead to XSS vulnerabilities
110cc72c7f530c5755e5bfe6f6bff9c9,original,javascript,6,6,10,files.javascript.rules.express.security.audit.express-check-csurf-middleware-usage,A CSRF middleware was not detected in your express application. Ensure you are either using one such as `csurf` or `csrf` (see rule references) and/or you are properly doing CSRF validation in your routes with a token or cookies.
110cc72c7f530c5755e5bfe6f6bff9c9,original,javascript,6,17,42,files.javascript.rules.jsonwebtoken.security.hardcoded-jwt-secret,"A hard-coded credential was detected. It is not recommended to store credentials in source-code, as this risks secrets being leaked and used by either an internal or external malicious adversary. It is recommended to use environment variables to securely provide credentials or retrieve credentials from a secure vault or HSM (Hardware Security Module)."
110cc72c7f530c5755e5bfe6f6bff9c9,original,javascript,6,26,26,files.javascript.rules.jsonwebtoken.security.hardcoded-jwt-secret,"A hard-coded credential was detected. It is not recommended to store credentials in source-code, as this risks secrets being leaked and used by either an internal or external malicious adversary. It is recommended to use environment variables to securely provide credentials or retrieve credentials from a secure vault or HSM (Hardware Security Module)."
12d90b3e27958c634778b039aa7422ca,original,javascript,0,35,33,files.javascript.rules.jquery.security.audit.jquery-insecure-method,User controlled data in a jQuery's `.append(...)` is an anti-pattern that can lead to XSS vulnerabilities
12d90b3e27958c634778b039aa7422ca,original,javascript,0,59,29,files.javascript.rules.jquery.security.audit.jquery-insecure-method,User controlled data in a jQuery's `.append(...)` is an anti-pattern that can lead to XSS vulnerabilities
13e308c6996ed275981bde4ac675436c,original,javascript,0,11,9,files.javascript.rules.browser.security.insecure-document-method,"User controlled data in methods like `innerHTML`, `outerHTML` or `document.write` is an anti-pattern that can lead to XSS vulnerabilities"
13e308c6996ed275981bde4ac675436c,original,javascript,0,18,9,files.javascript.rules.browser.security.insecure-document-method,"User controlled data in methods like `innerHTML`, `outerHTML` or `document.write` is an anti-pattern that can lead to XSS vulnerabilities"
13e308c6996ed275981bde4ac675436c,original,javascript,0,19,9,files.javascript.rules.browser.security.insecure-document-method,"User controlled data in methods like `innerHTML`, `outerHTML` or `document.write` is an anti-pattern that can lead to XSS vulnerabilities"
13e308c6996ed275981bde4ac675436c,original,javascript,0,20,9,files.javascript.rules.browser.security.insecure-document-method,"User controlled data in methods like `innerHTML`, `outerHTML` or `document.write` is an anti-pattern that can lead to XSS vulnerabilities"
13e308c6996ed275981bde4ac675436c,original,javascript,0,21,9,files.javascript.rules.browser.security.insecure-document-method,"User controlled data in methods like `innerHTML`, `outerHTML` or `document.write` is an anti-pattern that can lead to XSS vulnerabilities"
1565851bf219e60779d63935c238e300,original,javascript,0,8,4,files.javascript.rules.browser.security.insecure-document-method,"User controlled data in methods like `innerHTML`, `outerHTML` or `document.write` is an anti-pattern that can lead to XSS vulnerabilities"
1565851bf219e60779d63935c238e300,original,javascript,0,8,4,files.javascript.rules.browser.security.insecure-innerhtml,User controlled data in a `paintingDiv.innerHTML` is an anti-pattern that can lead to XSS vulnerabilities
16913aaca26602ba328bb59a4105a623,original,javascript,1,8,7,files.javascript.rules.express.security.audit.express-check-csurf-middleware-usage,A CSRF middleware was not detected in your express application. Ensure you are either using one such as `csurf` or `csrf` (see rule references) and/or you are properly doing CSRF validation in your routes with a token or cookies.
16913aaca26602ba328bb59a4105a623,original,javascript,1,14,9,files.javascript.rules.express.security.audit.express-cookie-session-default-name,Don’t use the default session cookie name Using the default session cookie name can open your app to attacks. The security issue posed is similar to X-Powered-By: a potential attacker can use it to fingerprint the server and target attacks accordingly.
16913aaca26602ba328bb59a4105a623,original,javascript,1,14,9,files.javascript.rules.express.security.audit.express-cookie-session-no-domain,"Default session middleware settings: `domain` not set. It indicates the domain of the cookie; use it to compare against the domain of the server in which the URL is being requested. If they match, then check the path attribute next."
16913aaca26602ba328bb59a4105a623,original,javascript,1,14,9,files.javascript.rules.express.security.audit.express-cookie-session-no-expires,Default session middleware settings: `expires` not set. Use it to set expiration date for persistent cookies.
16913aaca26602ba328bb59a4105a623,original,javascript,1,14,9,files.javascript.rules.express.security.audit.express-cookie-session-no-httponly,"Default session middleware settings: `httpOnly` not set. It ensures the cookie is sent only over HTTP(S), not client JavaScript, helping to protect against cross-site scripting attacks."
16913aaca26602ba328bb59a4105a623,original,javascript,1,14,9,files.javascript.rules.express.security.audit.express-cookie-session-no-path,"Default session middleware settings: `path` not set. It indicates the path of the cookie; use it to compare against the request path. If this and domain match, then send the cookie in the request."
16913aaca26602ba328bb59a4105a623,original,javascript,1,14,9,files.javascript.rules.express.security.audit.express-cookie-session-no-secure,Default session middleware settings: `secure` not set. It ensures the browser only sends the cookie over HTTPS.
16913aaca26602ba328bb59a4105a623,original,javascript,1,14,19,files.javascript.rules.express.security.audit.express-session-hardcoded-secret,"A hard-coded credential was detected. It is not recommended to store credentials in source-code, as this risks secrets being leaked and used by either an internal or external malicious adversary. It is recommended to use environment variables to securely provide credentials or retrieve credentials from a secure vault or HSM (Hardware Security Module)."
16f39b58e0216088fb1e6f76405c7dab,original,javascript,1,4,7,files.javascript.rules.express.security.audit.express-check-csurf-middleware-usage,A CSRF middleware was not detected in your express application. Ensure you are either using one such as `csurf` or `csrf` (see rule references) and/or you are properly doing CSRF validation in your routes with a token or cookies.
17bfa45c4bc2ca47aa9b965efaff4df2,original,javascript,0,29,9,files.javascript.rules.browser.security.insecure-document-method,"User controlled data in methods like `innerHTML`, `outerHTML` or `document.write` is an anti-pattern that can lead to XSS vulnerabilities"
17bfa45c4bc2ca47aa9b965efaff4df2,original,javascript,0,29,9,files.javascript.rules.browser.security.insecure-innerhtml,User controlled data in a `summaryOutput.innerHTML` is an anti-pattern that can lead to XSS vulnerabilities
17bfa45c4bc2ca47aa9b965efaff4df2,original,javascript,0,29,35,files.javascript.rules.lang.security.html-in-template-string,"This template literal looks like HTML and has interpolated variables. These variables are not HTML-encoded by default. If the variables contain HTML tags, these may be interpreted by the browser, resulting in cross-site scripting (XSS)."
17bfa45c4bc2ca47aa9b965efaff4df2,original,javascript,0,48,9,files.javascript.rules.browser.security.insecure-document-method,"User controlled data in methods like `innerHTML`, `outerHTML` or `document.write` is an anti-pattern that can lead to XSS vulnerabilities"
17bfa45c4bc2ca47aa9b965efaff4df2,original,javascript,0,48,9,files.javascript.rules.browser.security.insecure-innerhtml,User controlled data in a `summaryOutput.innerHTML` is an anti-pattern that can lead to XSS vulnerabilities
17bfa45c4bc2ca47aa9b965efaff4df2,original,javascript,0,48,35,files.javascript.rules.lang.security.html-in-template-string,"This template literal looks like HTML and has interpolated variables. These variables are not HTML-encoded by default. If the variables contain HTML tags, these may be interpreted by the browser, resulting in cross-site scripting (XSS)."
19538c4f71d802c2e98d6f205f54ffeb,original,javascript,0,8,11,files.javascript.rules.puppeteer.security.audit.puppeteer-goto-injection,If unverified user data can reach the `goto` method it can result in Server-Side Request Forgery vulnerabilities
1a2c274fad9d085139f67f5d57a867f3,original,javascript,2,1,27,files.javascript.rules.lang.security.detect-insecure-websocket,Insecure WebSocket Detected. WebSocket Secure (wss) should be used for all WebSocket connections.
1b369ee12bb42b49f184572fa695978b,original,javascript,0,2,7,files.javascript.rules.express.security.audit.express-check-csurf-middleware-usage,A CSRF middleware was not detected in your express application. Ensure you are either using one such as `csurf` or `csrf` (see rule references) and/or you are properly doing CSRF validation in your routes with a token or cookies.
1b369ee12bb42b49f184572fa695978b,original,javascript,0,15,14,files.javascript.rules.express.security.audit.xss.direct-response-write,"Detected directly writing to a Response object from user-defined input. This bypasses any HTML escaping and may expose your application to a Cross-Site-scripting (XSS) vulnerability. Instead, use 'resp.render()' to render safely escaped HTML."
1d7f780ad794c1029f579412efc79e15,original,javascript,1,5,7,files.javascript.rules.express.security.audit.express-check-csurf-middleware-usage,A CSRF middleware was not detected in your express application. Ensure you are either using one such as `csurf` or `csrf` (see rule references) and/or you are properly doing CSRF validation in your routes with a token or cookies.
1d7f780ad794c1029f579412efc79e15,original,javascript,2,14,35,files.javascript.rules.lang.security.detect-insecure-websocket,Insecure WebSocket Detected. WebSocket Secure (wss) should be used for all WebSocket connections.
1e307725dbab6006ef2929319e683695,original,javascript,0,18,9,files.javascript.rules.express.security.audit.express-check-csurf-middleware-usage,A CSRF middleware was not detected in your express application. Ensure you are either using one such as `csurf` or `csrf` (see rule references) and/or you are properly doing CSRF validation in your routes with a token or cookies.
1f1ed7b9fff3289d192e1be494670419,original,javascript,3,7,7,files.javascript.rules.express.security.audit.express-check-csurf-middleware-usage,A CSRF middleware was not detected in your express application. Ensure you are either using one such as `csurf` or `csrf` (see rule references) and/or you are properly doing CSRF validation in your routes with a token or cookies.
1fd87f593d5ce2c5bf3d0c2c41786969,original,javascript,2,6,7,files.javascript.rules.express.security.audit.express-check-csurf-middleware-usage,A CSRF middleware was not detected in your express application. Ensure you are either using one such as `csurf` or `csrf` (see rule references) and/or you are properly doing CSRF validation in your routes with a token or cookies.
2443d20f454e186131d41dc7b91dae00,original,javascript,1,6,7,files.javascript.rules.express.security.audit.express-check-csurf-middleware-usage,A CSRF middleware was not detected in your express application. Ensure you are either using one such as `csurf` or `csrf` (see rule references) and/or you are properly doing CSRF validation in your routes with a token or cookies.
2443d20f454e186131d41dc7b91dae00,original,javascript,3,6,7,files.javascript.rules.express.security.audit.express-check-csurf-middleware-usage,A CSRF middleware was not detected in your express application. Ensure you are either using one such as `csurf` or `csrf` (see rule references) and/or you are properly doing CSRF validation in your routes with a token or cookies.
2490eac58feba169788aa43212efa4fb,original,javascript,0,20,34,files.javascript.rules.lang.security.detect-insecure-websocket,Insecure WebSocket Detected. WebSocket Secure (wss) should be used for all WebSocket connections.
251769bd2488b0a4d84eca8c010b1645,original,javascript,3,7,7,files.javascript.rules.express.security.audit.express-check-csurf-middleware-usage,A CSRF middleware was not detected in your express application. Ensure you are either using one such as `csurf` or `csrf` (see rule references) and/or you are properly doing CSRF validation in your routes with a token or cookies.
29dfac2f03cc03b0035d9dd9b784a7d1,original,javascript,0,25,9,files.javascript.rules.browser.security.insecure-document-method,"User controlled data in methods like `innerHTML`, `outerHTML` or `document.write` is an anti-pattern that can lead to XSS vulnerabilities"
29dfac2f03cc03b0035d9dd9b784a7d1,original,javascript,0,25,9,files.javascript.rules.browser.security.insecure-innerhtml,User controlled data in a `parentDiv.innerHTML` is an anti-pattern that can lead to XSS vulnerabilities
29dfac2f03cc03b0035d9dd9b784a7d1,original,javascript,0,71,21,files.javascript.rules.browser.security.insecure-document-method,"User controlled data in methods like `innerHTML`, `outerHTML` or `document.write` is an anti-pattern that can lead to XSS vulnerabilities"
29dfac2f03cc03b0035d9dd9b784a7d1,original,javascript,0,71,21,files.javascript.rules.browser.security.insecure-innerhtml,"User controlled data in a `document.getElementById(""results"").innerHTML` is an anti-pattern that can lead to XSS vulnerabilities"
29dfac2f03cc03b0035d9dd9b784a7d1,original,javascript,0,76,25,files.javascript.rules.browser.security.insecure-document-method,"User controlled data in methods like `innerHTML`, `outerHTML` or `document.write` is an anti-pattern that can lead to XSS vulnerabilities"
29dfac2f03cc03b0035d9dd9b784a7d1,original,javascript,0,76,25,files.javascript.rules.browser.security.insecure-innerhtml,"User controlled data in a `document.getElementById(""betting"").innerHTML` is an anti-pattern that can lead to XSS vulnerabilities"
2aaa527a03b30aaf1df82382ad01ada1,original,javascript,3,8,7,files.javascript.rules.express.security.audit.express-check-csurf-middleware-usage,A CSRF middleware was not detected in your express application. Ensure you are either using one such as `csurf` or `csrf` (see rule references) and/or you are properly doing CSRF validation in your routes with a token or cookies.
2b013050fe2defcc25ca0fbbc6a923e0,original,javascript,1,6,7,files.javascript.rules.express.security.audit.express-check-csurf-middleware-usage,A CSRF middleware was not detected in your express application. Ensure you are either using one such as `csurf` or `csrf` (see rule references) and/or you are properly doing CSRF validation in your routes with a token or cookies.
2b013050fe2defcc25ca0fbbc6a923e0,original,javascript,1,12,56,files.javascript.rules.lang.security.audit.path-traversal.path-join-resolve-traversal,"Detected possible user input going into a `path.join` or `path.resolve` function. This could possibly lead to a path traversal vulnerability,  where the attacker can access arbitrary files stored in the file system. Instead, be sure to sanitize or validate user input first."
2b013050fe2defcc25ca0fbbc6a923e0,original,javascript,1,15,15,files.javascript.rules.lang.security.audit.detect-non-literal-fs-filename,"Detected that function argument `req` has entered the fs module. An attacker could potentially control the location of this file, to include going backwards in the directory with '../'. To address this, ensure that user-controlled variables in file paths are validated."
2b013050fe2defcc25ca0fbbc6a923e0,original,javascript,1,15,25,files.javascript.rules.lang.security.audit.detect-non-literal-fs-filename,"Detected that function argument `req` has entered the fs module. An attacker could potentially control the location of this file, to include going backwards in the directory with '../'. To address this, ensure that user-controlled variables in file paths are validated."
2b2a4ac7de8b242911535b18789bf4aa,original,javascript,3,5,10,files.javascript.rules.express.security.audit.express-check-csurf-middleware-usage,A CSRF middleware was not detected in your express application. Ensure you are either using one such as `csurf` or `csrf` (see rule references) and/or you are properly doing CSRF validation in your routes with a token or cookies.
36339c7bf1cc36ae7b52d4b8a7f5d762,original,javascript,4,4,7,files.javascript.rules.express.security.audit.express-check-csurf-middleware-usage,A CSRF middleware was not detected in your express application. Ensure you are either using one such as `csurf` or `csrf` (see rule references) and/or you are properly doing CSRF validation in your routes with a token or cookies.
3716b279be67cbcecb32edf7235db7dc,original,javascript,0,7,5,files.javascript.rules.browser.security.insecure-document-method,"User controlled data in methods like `innerHTML`, `outerHTML` or `document.write` is an anti-pattern that can lead to XSS vulnerabilities"
3716b279be67cbcecb32edf7235db7dc,original,javascript,0,7,5,files.javascript.rules.browser.security.insecure-innerhtml,User controlled data in a `moneyDisplay.innerHTML` is an anti-pattern that can lead to XSS vulnerabilities
3716b279be67cbcecb32edf7235db7dc,original,javascript,0,7,31,files.javascript.rules.lang.security.html-in-template-string,"This template literal looks like HTML and has interpolated variables. These variables are not HTML-encoded by default. If the variables contain HTML tags, these may be interpreted by the browser, resulting in cross-site scripting (XSS)."
3716b279be67cbcecb32edf7235db7dc,original,javascript,0,11,5,files.javascript.rules.browser.security.insecure-document-method,"User controlled data in methods like `innerHTML`, `outerHTML` or `document.write` is an anti-pattern that can lead to XSS vulnerabilities"
3716b279be67cbcecb32edf7235db7dc,original,javascript,0,11,5,files.javascript.rules.browser.security.insecure-innerhtml,User controlled data in a `moneyDisplay.innerHTML` is an anti-pattern that can lead to XSS vulnerabilities
3716b279be67cbcecb32edf7235db7dc,original,javascript,0,11,61,files.javascript.rules.lang.security.html-in-template-string,"This template literal looks like HTML and has interpolated variables. These variables are not HTML-encoded by default. If the variables contain HTML tags, these may be interpreted by the browser, resulting in cross-site scripting (XSS)."
3716b279be67cbcecb32edf7235db7dc,original,javascript,1,1,25,files.javascript.rules.lang.security.html-in-template-string,"This template literal looks like HTML and has interpolated variables. These variables are not HTML-encoded by default. If the variables contain HTML tags, these may be interpreted by the browser, resulting in cross-site scripting (XSS)."
3716b279be67cbcecb32edf7235db7dc,original,javascript,1,5,3,files.javascript.rules.browser.security.insecure-document-method,"User controlled data in methods like `innerHTML`, `outerHTML` or `document.write` is an anti-pattern that can lead to XSS vulnerabilities"
3716b279be67cbcecb32edf7235db7dc,original,javascript,1,5,3,files.javascript.rules.browser.security.insecure-innerhtml,User controlled data in a `moneyDisplay.innerHTML` is an anti-pattern that can lead to XSS vulnerabilities
3716b279be67cbcecb32edf7235db7dc,original,javascript,1,8,3,files.javascript.rules.browser.security.insecure-document-method,"User controlled data in methods like `innerHTML`, `outerHTML` or `document.write` is an anti-pattern that can lead to XSS vulnerabilities"
3716b279be67cbcecb32edf7235db7dc,original,javascript,1,8,3,files.javascript.rules.browser.security.insecure-innerhtml,User controlled data in a `moneyDisplay.innerHTML` is an anti-pattern that can lead to XSS vulnerabilities
38c7cf8c405bb845eec05f7c2f585ee2,original,javascript,0,2,5,files.javascript.rules.jquery.security.audit.jquery-insecure-method,User controlled data in a jQuery's `.html(...)` is an anti-pattern that can lead to XSS vulnerabilities
38c7cf8c405bb845eec05f7c2f585ee2,original,javascript,0,2,5,files.javascript.rules.jquery.security.audit.prohibit-jquery-html,"JQuery's `html` function is susceptible to Cross Site Scripting (XSS) attacks. If you're just passing text, consider `text` instead. Otherwise, use a function that escapes HTML such as edX's `HtmlUtils.setHtml()`."
38c7cf8c405bb845eec05f7c2f585ee2,original,javascript,0,2,7,files.javascript.rules.jquery.security.audit.jquery-insecure-selector,User controlled data in a `$(...)` is an anti-pattern that can lead to XSS vulnerabilities
38c7cf8c405bb845eec05f7c2f585ee2,original,javascript,2,2,7,files.javascript.rules.jquery.security.audit.jquery-insecure-selector,User controlled data in a `$(...)` is an anti-pattern that can lead to XSS vulnerabilities
38c7cf8c405bb845eec05f7c2f585ee2,original,javascript,2,4,40,files.javascript.rules.jquery.security.audit.jquery-insecure-selector,User controlled data in a `$(...)` is an anti-pattern that can lead to XSS vulnerabilities
38c7cf8c405bb845eec05f7c2f585ee2,original,javascript,2,4,59,files.javascript.rules.jquery.security.audit.jquery-insecure-selector,User controlled data in a `$(...)` is an anti-pattern that can lead to XSS vulnerabilities
38c7cf8c405bb845eec05f7c2f585ee2,original,javascript,2,15,17,files.javascript.rules.jquery.security.audit.jquery-insecure-method,User controlled data in a jQuery's `.html(...)` is an anti-pattern that can lead to XSS vulnerabilities
38c7cf8c405bb845eec05f7c2f585ee2,original,javascript,2,15,17,files.javascript.rules.jquery.security.audit.prohibit-jquery-html,"JQuery's `html` function is susceptible to Cross Site Scripting (XSS) attacks. If you're just passing text, consider `text` instead. Otherwise, use a function that escapes HTML such as edX's `HtmlUtils.setHtml()`."
3a578d3699ac80c8eb3865234480f413,original,javascript,3,3,7,files.javascript.rules.express.security.audit.express-check-csurf-middleware-usage,A CSRF middleware was not detected in your express application. Ensure you are either using one such as `csurf` or `csrf` (see rule references) and/or you are properly doing CSRF validation in your routes with a token or cookies.
3c240f190530798e91de8ced0e491a26,original,javascript,0,22,3,files.javascript.rules.browser.security.insecure-document-method,"User controlled data in methods like `innerHTML`, `outerHTML` or `document.write` is an anti-pattern that can lead to XSS vulnerabilities"
3c240f190530798e91de8ced0e491a26,original,javascript,0,22,3,files.javascript.rules.browser.security.insecure-innerhtml,User controlled data in a `ghostInfoDiv.innerHTML` is an anti-pattern that can lead to XSS vulnerabilities
3cd006497b81c92df64ce27429ca0a04,original,javascript,1,6,10,files.javascript.rules.express.security.audit.express-check-csurf-middleware-usage,A CSRF middleware was not detected in your express application. Ensure you are either using one such as `csurf` or `csrf` (see rule references) and/or you are properly doing CSRF validation in your routes with a token or cookies.
3cd006497b81c92df64ce27429ca0a04,original,javascript,9,6,13,files.javascript.rules.browser.security.insecure-document-method,"User controlled data in methods like `innerHTML`, `outerHTML` or `document.write` is an anti-pattern that can lead to XSS vulnerabilities"
3cd006497b81c92df64ce27429ca0a04,original,javascript,9,6,13,files.javascript.rules.browser.security.insecure-innerhtml,User controlled data in a `scoreList.innerHTML` is an anti-pattern that can lead to XSS vulnerabilities
3cd006497b81c92df64ce27429ca0a04,original,javascript,9,6,53,files.javascript.rules.lang.security.html-in-template-string,"This template literal looks like HTML and has interpolated variables. These variables are not HTML-encoded by default. If the variables contain HTML tags, these may be interpreted by the browser, resulting in cross-site scripting (XSS)."
3f78adc891b958dd659e9b3a1414fb43,original,javascript,0,7,21,files.javascript.rules.browser.security.insecure-document-method,"User controlled data in methods like `innerHTML`, `outerHTML` or `document.write` is an anti-pattern that can lead to XSS vulnerabilities"
3f78adc891b958dd659e9b3a1414fb43,original,javascript,0,7,21,files.javascript.rules.browser.security.insecure-innerhtml,User controlled data in a `elementit[i].innerHTML` is an anti-pattern that can lead to XSS vulnerabilities
3f78adc891b958dd659e9b3a1414fb43,original,javascript,0,18,17,files.javascript.rules.browser.security.insecure-document-method,"User controlled data in methods like `innerHTML`, `outerHTML` or `document.write` is an anti-pattern that can lead to XSS vulnerabilities"
3f78adc891b958dd659e9b3a1414fb43,original,javascript,0,18,17,files.javascript.rules.browser.security.insecure-innerhtml,User controlled data in a `elementit[i].innerHTML` is an anti-pattern that can lead to XSS vulnerabilities
400f148c0f7dd62a89f00f7ac826c801,original,javascript,0,91,17,files.javascript.rules.browser.security.insecure-document-method,"User controlled data in methods like `innerHTML`, `outerHTML` or `document.write` is an anti-pattern that can lead to XSS vulnerabilities"
400f148c0f7dd62a89f00f7ac826c801,original,javascript,0,91,17,files.javascript.rules.browser.security.insecure-innerhtml,User controlled data in a `chatContainer.innerHTML` is an anti-pattern that can lead to XSS vulnerabilities
400f148c0f7dd62a89f00f7ac826c801,original,javascript,0,119,21,files.javascript.rules.browser.security.insecure-document-method,"User controlled data in methods like `innerHTML`, `outerHTML` or `document.write` is an anti-pattern that can lead to XSS vulnerabilities"
400f148c0f7dd62a89f00f7ac826c801,original,javascript,0,119,21,files.javascript.rules.browser.security.insecure-innerhtml,User controlled data in a `chatContainer.innerHTML` is an anti-pattern that can lead to XSS vulnerabilities
400f148c0f7dd62a89f00f7ac826c801,original,javascript,0,121,21,files.javascript.rules.browser.security.insecure-document-method,"User controlled data in methods like `innerHTML`, `outerHTML` or `document.write` is an anti-pattern that can lead to XSS vulnerabilities"
400f148c0f7dd62a89f00f7ac826c801,original,javascript,0,121,21,files.javascript.rules.browser.security.insecure-innerhtml,User controlled data in a `chatContainer.innerHTML` is an anti-pattern that can lead to XSS vulnerabilities
400f148c0f7dd62a89f00f7ac826c801,original,javascript,0,126,31,files.javascript.rules.lang.security.audit.unsafe-formatstring,"Detected string concatenation with a non-literal variable in a util.format / console.log function. If an attacker injects a format specifier in the string, it will forge the log message. Try to use constant values for the format string."
400f148c0f7dd62a89f00f7ac826c801,original,javascript,0,127,17,files.javascript.rules.browser.security.insecure-document-method,"User controlled data in methods like `innerHTML`, `outerHTML` or `document.write` is an anti-pattern that can lead to XSS vulnerabilities"
400f148c0f7dd62a89f00f7ac826c801,original,javascript,0,127,17,files.javascript.rules.browser.security.insecure-innerhtml,User controlled data in a `chatContainer.innerHTML` is an anti-pattern that can lead to XSS vulnerabilities
40745624ec520253f24a4953c9aa3125,original,javascript,0,65,5,files.javascript.rules.browser.security.insecure-document-method,"User controlled data in methods like `innerHTML`, `outerHTML` or `document.write` is an anti-pattern that can lead to XSS vulnerabilities"
40745624ec520253f24a4953c9aa3125,original,javascript,0,65,5,files.javascript.rules.browser.security.insecure-innerhtml,User controlled data in a `mousePositionDiv.innerHTML` is an anti-pattern that can lead to XSS vulnerabilities
4d3a97c6f6f738ac7399a3653718e473,original,javascript,2,13,1,files.javascript.rules.browser.security.insecure-document-method,"User controlled data in methods like `innerHTML`, `outerHTML` or `document.write` is an anti-pattern that can lead to XSS vulnerabilities"
4d3a97c6f6f738ac7399a3653718e473,original,javascript,2,13,1,files.javascript.rules.browser.security.insecure-innerhtml,User controlled data in a `ghostinfo.innerHTML` is an anti-pattern that can lead to XSS vulnerabilities
4d3a97c6f6f738ac7399a3653718e473,original,javascript,2,13,23,files.javascript.rules.lang.security.html-in-template-string,"This template literal looks like HTML and has interpolated variables. These variables are not HTML-encoded by default. If the variables contain HTML tags, these may be interpreted by the browser, resulting in cross-site scripting (XSS)."
4f18411bc3bf46b518e7b267a08445e8,original,javascript,7,8,7,files.javascript.rules.express.security.audit.express-check-csurf-middleware-usage,A CSRF middleware was not detected in your express application. Ensure you are either using one such as `csurf` or `csrf` (see rule references) and/or you are properly doing CSRF validation in your routes with a token or cookies.
4f889586692873eb262b30c9bce3e943,original,javascript,1,6,10,files.javascript.rules.express.security.audit.express-check-csurf-middleware-usage,A CSRF middleware was not detected in your express application. Ensure you are either using one such as `csurf` or `csrf` (see rule references) and/or you are properly doing CSRF validation in your routes with a token or cookies.
509ff5b96a01becff281fd2dcfb6c7fb,original,javascript,0,7,21,files.javascript.rules.browser.security.insecure-document-method,"User controlled data in methods like `innerHTML`, `outerHTML` or `document.write` is an anti-pattern that can lead to XSS vulnerabilities"
509ff5b96a01becff281fd2dcfb6c7fb,original,javascript,0,7,21,files.javascript.rules.browser.security.insecure-innerhtml,User controlled data in a `elementit[i].innerHTML` is an anti-pattern that can lead to XSS vulnerabilities
509ff5b96a01becff281fd2dcfb6c7fb,original,javascript,0,20,17,files.javascript.rules.browser.security.insecure-document-method,"User controlled data in methods like `innerHTML`, `outerHTML` or `document.write` is an anti-pattern that can lead to XSS vulnerabilities"
509ff5b96a01becff281fd2dcfb6c7fb,original,javascript,0,20,17,files.javascript.rules.browser.security.insecure-innerhtml,User controlled data in a `elementit[i].innerHTML` is an anti-pattern that can lead to XSS vulnerabilities
5154d55bb41af19b208ef29af6885697,original,javascript,2,14,25,files.javascript.rules.browser.security.eval-detected,"Detected the use of eval(). eval() can be dangerous if used to evaluate dynamic content. If this content can be input from outside the program, this may be a code injection vulnerability. Ensure evaluated content is not definable by external sources."
5315e6e673c796336ea9b9770a49b9cf,original,javascript,0,4,15,files.javascript.rules.jquery.security.audit.jquery-insecure-selector,User controlled data in a `$(...)` is an anti-pattern that can lead to XSS vulnerabilities
5315e6e673c796336ea9b9770a49b9cf,original,javascript,0,5,13,files.javascript.rules.jquery.security.audit.prohibit-jquery-html,"JQuery's `html` function is susceptible to Cross Site Scripting (XSS) attacks. If you're just passing text, consider `text` instead. Otherwise, use a function that escapes HTML such as edX's `HtmlUtils.setHtml()`."
5315e6e673c796336ea9b9770a49b9cf,original,javascript,0,5,59,files.javascript.rules.jquery.security.audit.prohibit-jquery-html,"JQuery's `html` function is susceptible to Cross Site Scripting (XSS) attacks. If you're just passing text, consider `text` instead. Otherwise, use a function that escapes HTML such as edX's `HtmlUtils.setHtml()`."
5385a7c30dca409fe9e69c55e5e3219f,original,javascript,0,15,13,files.javascript.rules.browser.security.insecure-document-method,"User controlled data in methods like `innerHTML`, `outerHTML` or `document.write` is an anti-pattern that can lead to XSS vulnerabilities"
5385a7c30dca409fe9e69c55e5e3219f,original,javascript,0,15,13,files.javascript.rules.browser.security.insecure-innerhtml,User controlled data in a `elementit[i].innerHTML` is an anti-pattern that can lead to XSS vulnerabilities
5385a7c30dca409fe9e69c55e5e3219f,original,javascript,0,32,5,files.javascript.rules.browser.security.insecure-document-method,"User controlled data in methods like `innerHTML`, `outerHTML` or `document.write` is an anti-pattern that can lead to XSS vulnerabilities"
5385a7c30dca409fe9e69c55e5e3219f,original,javascript,0,32,5,files.javascript.rules.browser.security.insecure-innerhtml,User controlled data in a `tulos.innerHTML` is an anti-pattern that can lead to XSS vulnerabilities
54d092a732bc7ff9f5a04b6348ff831f,original,javascript,0,19,17,files.javascript.rules.browser.security.insecure-document-method,"User controlled data in methods like `innerHTML`, `outerHTML` or `document.write` is an anti-pattern that can lead to XSS vulnerabilities"
54d092a732bc7ff9f5a04b6348ff831f,original,javascript,0,19,17,files.javascript.rules.browser.security.insecure-innerhtml,User controlled data in a `th.innerHTML` is an anti-pattern that can lead to XSS vulnerabilities
54d092a732bc7ff9f5a04b6348ff831f,original,javascript,0,36,17,files.javascript.rules.browser.security.insecure-document-method,"User controlled data in methods like `innerHTML`, `outerHTML` or `document.write` is an anti-pattern that can lead to XSS vulnerabilities"
54d092a732bc7ff9f5a04b6348ff831f,original,javascript,0,36,17,files.javascript.rules.browser.security.insecure-innerhtml,User controlled data in a `td.innerHTML` is an anti-pattern that can lead to XSS vulnerabilities
5811c07c01a167a8a71d04fbee806d59,original,javascript,0,10,5,files.javascript.rules.jquery.security.audit.jquery-insecure-method,User controlled data in a jQuery's `.wrapAll(...)` is an anti-pattern that can lead to XSS vulnerabilities
59b508318416b7dec6e359452189d2e1,original,javascript,2,7,9,files.javascript.rules.browser.security.insecure-document-method,"User controlled data in methods like `innerHTML`, `outerHTML` or `document.write` is an anti-pattern that can lead to XSS vulnerabilities"
59b508318416b7dec6e359452189d2e1,original,javascript,2,7,9,files.javascript.rules.browser.security.insecure-innerhtml,User controlled data in a `el.innerHTML` is an anti-pattern that can lead to XSS vulnerabilities
5a1006b4c6cc5aca548905e01ce18534,original,javascript,1,4,3,files.javascript.rules.browser.security.insecure-document-method,"User controlled data in methods like `innerHTML`, `outerHTML` or `document.write` is an anti-pattern that can lead to XSS vulnerabilities"
5a1006b4c6cc5aca548905e01ce18534,original,javascript,1,4,3,files.javascript.rules.browser.security.insecure-innerhtml,User controlled data in a `infoDiv.innerHTML` is an anti-pattern that can lead to XSS vulnerabilities
5a1006b4c6cc5aca548905e01ce18534,original,javascript,1,18,3,files.javascript.rules.browser.security.insecure-document-method,"User controlled data in methods like `innerHTML`, `outerHTML` or `document.write` is an anti-pattern that can lead to XSS vulnerabilities"
5a1006b4c6cc5aca548905e01ce18534,original,javascript,1,18,3,files.javascript.rules.browser.security.insecure-innerhtml,User controlled data in a `paintingDiv.innerHTML` is an anti-pattern that can lead to XSS vulnerabilities
5ef123e4d700ee944968d90d307e0041,original,javascript,5,10,39,files.javascript.rules.lang.security.html-in-template-string,"This template literal looks like HTML and has interpolated variables. These variables are not HTML-encoded by default. If the variables contain HTML tags, these may be interpreted by the browser, resulting in cross-site scripting (XSS)."
5ef123e4d700ee944968d90d307e0041,original,javascript,5,15,17,files.javascript.rules.browser.security.insecure-document-method,"User controlled data in methods like `innerHTML`, `outerHTML` or `document.write` is an anti-pattern that can lead to XSS vulnerabilities"
5ef123e4d700ee944968d90d307e0041,original,javascript,5,15,17,files.javascript.rules.browser.security.insecure-innerhtml,User controlled data in a `document.getElementById('weatherResult').innerHTML` is an anti-pattern that can lead to XSS vulnerabilities
5ef123e4d700ee944968d90d307e0041,original,javascript,5,17,17,files.javascript.rules.browser.security.insecure-document-method,"User controlled data in methods like `innerHTML`, `outerHTML` or `document.write` is an anti-pattern that can lead to XSS vulnerabilities"
5ef123e4d700ee944968d90d307e0041,original,javascript,5,17,17,files.javascript.rules.browser.security.insecure-innerhtml,User controlled data in a `document.getElementById('weatherResult').innerHTML` is an anti-pattern that can lead to XSS vulnerabilities
5ef123e4d700ee944968d90d307e0041,original,javascript,5,17,70,files.javascript.rules.lang.security.html-in-template-string,"This template literal looks like HTML and has interpolated variables. These variables are not HTML-encoded by default. If the variables contain HTML tags, these may be interpreted by the browser, resulting in cross-site scripting (XSS)."
5fc1a2673f8e40e661db0422f0919ab9,original,javascript,0,5,5,files.javascript.rules.browser.security.insecure-document-method,"User controlled data in methods like `innerHTML`, `outerHTML` or `document.write` is an anti-pattern that can lead to XSS vulnerabilities"
5fc1a2673f8e40e661db0422f0919ab9,original,javascript,0,5,5,files.javascript.rules.browser.security.insecure-innerhtml,User controlled data in a `streetviewDiv.innerHTML` is an anti-pattern that can lead to XSS vulnerabilities
5fc1a2673f8e40e661db0422f0919ab9,original,javascript,1,5,5,files.javascript.rules.browser.security.insecure-document-method,"User controlled data in methods like `innerHTML`, `outerHTML` or `document.write` is an anti-pattern that can lead to XSS vulnerabilities"
5fc1a2673f8e40e661db0422f0919ab9,original,javascript,1,5,5,files.javascript.rules.browser.security.insecure-innerhtml,User controlled data in a `streetviewDiv.innerHTML` is an anti-pattern that can lead to XSS vulnerabilities
5fc1a2673f8e40e661db0422f0919ab9,original,javascript,1,5,32,files.javascript.rules.lang.security.html-in-template-string,"This template literal looks like HTML and has interpolated variables. These variables are not HTML-encoded by default. If the variables contain HTML tags, these may be interpreted by the browser, resulting in cross-site scripting (XSS)."
5fc1a2673f8e40e661db0422f0919ab9,original,javascript,2,8,5,files.javascript.rules.browser.security.insecure-document-method,"User controlled data in methods like `innerHTML`, `outerHTML` or `document.write` is an anti-pattern that can lead to XSS vulnerabilities"
5fc1a2673f8e40e661db0422f0919ab9,original,javascript,2,8,5,files.javascript.rules.browser.security.insecure-innerhtml,User controlled data in a `streetviewDiv.innerHTML` is an anti-pattern that can lead to XSS vulnerabilities
5fc1a2673f8e40e661db0422f0919ab9,original,javascript,2,18,9,files.javascript.rules.browser.security.insecure-document-method,"User controlled data in methods like `innerHTML`, `outerHTML` or `document.write` is an anti-pattern that can lead to XSS vulnerabilities"
5fc1a2673f8e40e661db0422f0919ab9,original,javascript,2,18,9,files.javascript.rules.browser.security.insecure-innerhtml,User controlled data in a `streetviewDiv.innerHTML` is an anti-pattern that can lead to XSS vulnerabilities
5fc1a2673f8e40e661db0422f0919ab9,original,javascript,2,18,36,files.javascript.rules.lang.security.html-in-template-string,"This template literal looks like HTML and has interpolated variables. These variables are not HTML-encoded by default. If the variables contain HTML tags, these may be interpreted by the browser, resulting in cross-site scripting (XSS)."
6078f1382dcf94e698decb04ce66f5bb,original,javascript,2,5,7,files.javascript.rules.express.security.audit.express-check-csurf-middleware-usage,A CSRF middleware was not detected in your express application. Ensure you are either using one such as `csurf` or `csrf` (see rule references) and/or you are properly doing CSRF validation in your routes with a token or cookies.
63b2fbd532a3edf64f9113e6bf3943f9,original,javascript,0,26,9,files.javascript.rules.browser.security.insecure-document-method,"User controlled data in methods like `innerHTML`, `outerHTML` or `document.write` is an anti-pattern that can lead to XSS vulnerabilities"
63b2fbd532a3edf64f9113e6bf3943f9,original,javascript,0,26,9,files.javascript.rules.browser.security.insecure-innerhtml,User controlled data in a `progressBarFilled.innerHTML` is an anti-pattern that can lead to XSS vulnerabilities
63b2fbd532a3edf64f9113e6bf3943f9,original,javascript,0,28,9,files.javascript.rules.browser.security.insecure-document-method,"User controlled data in methods like `innerHTML`, `outerHTML` or `document.write` is an anti-pattern that can lead to XSS vulnerabilities"
63b2fbd532a3edf64f9113e6bf3943f9,original,javascript,0,28,9,files.javascript.rules.browser.security.insecure-innerhtml,User controlled data in a `progressBarFilled.innerHTML` is an anti-pattern that can lead to XSS vulnerabilities
64baaa7277ba0b57e08e367a65536315,original,javascript,0,2,1,files.javascript.rules.browser.security.insecure-document-method,"User controlled data in methods like `innerHTML`, `outerHTML` or `document.write` is an anti-pattern that can lead to XSS vulnerabilities"
64baaa7277ba0b57e08e367a65536315,original,javascript,1,2,5,files.javascript.rules.browser.security.insecure-document-method,"User controlled data in methods like `innerHTML`, `outerHTML` or `document.write` is an anti-pattern that can lead to XSS vulnerabilities"
673b20923af1328fca9752ed5e738d41,original,javascript,2,5,7,files.javascript.rules.express.security.audit.express-check-csurf-middleware-usage,A CSRF middleware was not detected in your express application. Ensure you are either using one such as `csurf` or `csrf` (see rule references) and/or you are properly doing CSRF validation in your routes with a token or cookies.
673b20923af1328fca9752ed5e738d41,original,javascript,3,20,35,files.javascript.rules.lang.security.detect-insecure-websocket,Insecure WebSocket Detected. WebSocket Secure (wss) should be used for all WebSocket connections.
679f68dcf740f69a6b07402142ae354d,original,javascript,0,30,9,files.javascript.rules.browser.security.insecure-document-method,"User controlled data in methods like `innerHTML`, `outerHTML` or `document.write` is an anti-pattern that can lead to XSS vulnerabilities"
679f68dcf740f69a6b07402142ae354d,original,javascript,0,30,9,files.javascript.rules.browser.security.insecure-innerhtml,"User controlled data in a `document.getElementById(""days"").innerHTML` is an anti-pattern that can lead to XSS vulnerabilities"
679f68dcf740f69a6b07402142ae354d,original,javascript,0,31,9,files.javascript.rules.browser.security.insecure-document-method,"User controlled data in methods like `innerHTML`, `outerHTML` or `document.write` is an anti-pattern that can lead to XSS vulnerabilities"
679f68dcf740f69a6b07402142ae354d,original,javascript,0,31,9,files.javascript.rules.browser.security.insecure-innerhtml,"User controlled data in a `document.getElementById(""hours"").innerHTML` is an anti-pattern that can lead to XSS vulnerabilities"
679f68dcf740f69a6b07402142ae354d,original,javascript,0,32,9,files.javascript.rules.browser.security.insecure-document-method,"User controlled data in methods like `innerHTML`, `outerHTML` or `document.write` is an anti-pattern that can lead to XSS vulnerabilities"
679f68dcf740f69a6b07402142ae354d,original,javascript,0,32,9,files.javascript.rules.browser.security.insecure-innerhtml,"User controlled data in a `document.getElementById(""minutes"").innerHTML` is an anti-pattern that can lead to XSS vulnerabilities"
679f68dcf740f69a6b07402142ae354d,original,javascript,0,33,9,files.javascript.rules.browser.security.insecure-document-method,"User controlled data in methods like `innerHTML`, `outerHTML` or `document.write` is an anti-pattern that can lead to XSS vulnerabilities"
679f68dcf740f69a6b07402142ae354d,original,javascript,0,33,9,files.javascript.rules.browser.security.insecure-innerhtml,"User controlled data in a `document.getElementById(""seconds"").innerHTML` is an anti-pattern that can lead to XSS vulnerabilities"
6c303af8f1a51f143ad75eb15e473848,original,javascript,1,15,41,files.javascript.rules.lang.security.audit.path-traversal.path-join-resolve-traversal,"Detected possible user input going into a `path.join` or `path.resolve` function. This could possibly lead to a path traversal vulnerability,  where the attacker can access arbitrary files stored in the file system. Instead, be sure to sanitize or validate user input first."
6c303af8f1a51f143ad75eb15e473848,original,javascript,1,20,19,files.javascript.rules.lang.security.audit.unsafe-formatstring,"Detected string concatenation with a non-literal variable in a util.format / console.log function. If an attacker injects a format specifier in the string, it will forge the log message. Try to use constant values for the format string."
6ed9e97c5523ead57c02b386f21ffef6,original,javascript,1,5,7,files.javascript.rules.express.security.audit.express-check-csurf-middleware-usage,A CSRF middleware was not detected in your express application. Ensure you are either using one such as `csurf` or `csrf` (see rule references) and/or you are properly doing CSRF validation in your routes with a token or cookies.
6ed9e97c5523ead57c02b386f21ffef6,original,javascript,2,16,27,files.javascript.rules.lang.security.audit.unsafe-formatstring,"Detected string concatenation with a non-literal variable in a util.format / console.log function. If an attacker injects a format specifier in the string, it will forge the log message. Try to use constant values for the format string."
6f6b96689d82bbecc7d5da41f073f940,original,javascript,2,6,10,files.javascript.rules.express.security.audit.express-check-csurf-middleware-usage,A CSRF middleware was not detected in your express application. Ensure you are either using one such as `csurf` or `csrf` (see rule references) and/or you are properly doing CSRF validation in your routes with a token or cookies.
6f6b96689d82bbecc7d5da41f073f940,original,javascript,2,8,12,files.javascript.rules.express.security.audit.express-cookie-session-default-name,Don’t use the default session cookie name Using the default session cookie name can open your app to attacks. The security issue posed is similar to X-Powered-By: a potential attacker can use it to fingerprint the server and target attacks accordingly.
6f6b96689d82bbecc7d5da41f073f940,original,javascript,2,8,12,files.javascript.rules.express.security.audit.express-cookie-session-no-domain,"Default session middleware settings: `domain` not set. It indicates the domain of the cookie; use it to compare against the domain of the server in which the URL is being requested. If they match, then check the path attribute next."
6f6b96689d82bbecc7d5da41f073f940,original,javascript,2,8,12,files.javascript.rules.express.security.audit.express-cookie-session-no-expires,Default session middleware settings: `expires` not set. Use it to set expiration date for persistent cookies.
6f6b96689d82bbecc7d5da41f073f940,original,javascript,2,8,12,files.javascript.rules.express.security.audit.express-cookie-session-no-httponly,"Default session middleware settings: `httpOnly` not set. It ensures the cookie is sent only over HTTP(S), not client JavaScript, helping to protect against cross-site scripting attacks."
6f6b96689d82bbecc7d5da41f073f940,original,javascript,2,8,12,files.javascript.rules.express.security.audit.express-cookie-session-no-path,"Default session middleware settings: `path` not set. It indicates the path of the cookie; use it to compare against the request path. If this and domain match, then send the cookie in the request."
6f6b96689d82bbecc7d5da41f073f940,original,javascript,2,8,12,files.javascript.rules.express.security.audit.express-cookie-session-no-secure,Default session middleware settings: `secure` not set. It ensures the browser only sends the cookie over HTTPS.
6f6b96689d82bbecc7d5da41f073f940,original,javascript,2,8,22,files.javascript.rules.express.security.audit.express-session-hardcoded-secret,"A hard-coded credential was detected. It is not recommended to store credentials in source-code, as this risks secrets being leaked and used by either an internal or external malicious adversary. It is recommended to use environment variables to securely provide credentials or retrieve credentials from a secure vault or HSM (Hardware Security Module)."
7051b99b5771482f9b42d4b3c9ba451b,original,javascript,4,1,1,files.javascript.rules.browser.security.insufficient-postmessage-origin-validation,No validation of origin is done by the addEventListener API. It may be possible to exploit this flaw to perform Cross Origin attacks such as Cross-Site Scripting(XSS).
733a2d620223e2548e0534e37fb7a4cd,original,javascript,2,6,10,files.javascript.rules.express.security.audit.express-check-csurf-middleware-usage,A CSRF middleware was not detected in your express application. Ensure you are either using one such as `csurf` or `csrf` (see rule references) and/or you are properly doing CSRF validation in your routes with a token or cookies.
73a149c6bbf5834e0bff57a52493f354,original,javascript,0,3,7,files.javascript.rules.express.security.audit.express-check-csurf-middleware-usage,A CSRF middleware was not detected in your express application. Ensure you are either using one such as `csurf` or `csrf` (see rule references) and/or you are properly doing CSRF validation in your routes with a token or cookies.
746f70a2ca9f4b333f56fb9098dc2768,original,javascript,2,23,17,files.javascript.rules.jquery.security.audit.jquery-insecure-method,User controlled data in a jQuery's `.html(...)` is an anti-pattern that can lead to XSS vulnerabilities
746f70a2ca9f4b333f56fb9098dc2768,original,javascript,2,23,17,files.javascript.rules.jquery.security.audit.prohibit-jquery-html,"JQuery's `html` function is susceptible to Cross Site Scripting (XSS) attacks. If you're just passing text, consider `text` instead. Otherwise, use a function that escapes HTML such as edX's `HtmlUtils.setHtml()`."
77235a6a4138acedf6af1f57a08ec4e2,original,javascript,4,11,13,files.javascript.rules.browser.security.insecure-document-method,"User controlled data in methods like `innerHTML`, `outerHTML` or `document.write` is an anti-pattern that can lead to XSS vulnerabilities"
77235a6a4138acedf6af1f57a08ec4e2,original,javascript,4,11,13,files.javascript.rules.browser.security.insecure-innerhtml,User controlled data in a `document.getElementById('content').innerHTML` is an anti-pattern that can lead to XSS vulnerabilities
77f78b042f149e4d2ad8206e7df22f55,original,javascript,5,6,7,files.javascript.rules.express.security.audit.express-check-csurf-middleware-usage,A CSRF middleware was not detected in your express application. Ensure you are either using one such as `csurf` or `csrf` (see rule references) and/or you are properly doing CSRF validation in your routes with a token or cookies.
7ace984532a2210bfa37b2ebb28696c2,original,javascript,0,128,21,files.javascript.rules.lang.security.audit.sqli.node-mysql-sqli,"Detected a `mysql` SQL statement that comes from a function argument. This could lead to SQL injection if the variable is user-controlled and is not properly sanitized. In order to prevent SQL injection, it is recommended to use parameterized queries or prepared statements."
7b4ea414f9bc50f35c4edad0c53492a9,original,javascript,1,5,10,files.javascript.rules.express.security.audit.express-check-csurf-middleware-usage,A CSRF middleware was not detected in your express application. Ensure you are either using one such as `csurf` or `csrf` (see rule references) and/or you are properly doing CSRF validation in your routes with a token or cookies.
7b796d376a76e9047de76764eb2c14eb,original,javascript,2,8,10,files.javascript.rules.express.security.audit.express-check-csurf-middleware-usage,A CSRF middleware was not detected in your express application. Ensure you are either using one such as `csurf` or `csrf` (see rule references) and/or you are properly doing CSRF validation in your routes with a token or cookies.
7b796d376a76e9047de76764eb2c14eb,original,javascript,2,46,56,files.javascript.rules.jsonwebtoken.security.hardcoded-jwt-secret,"A hard-coded credential was detected. It is not recommended to store credentials in source-code, as this risks secrets being leaked and used by either an internal or external malicious adversary. It is recommended to use environment variables to securely provide credentials or retrieve credentials from a secure vault or HSM (Hardware Security Module)."
7d733f403f8e1431f1920e68cfa50cd5,original,javascript,2,6,7,files.javascript.rules.express.security.audit.express-check-csurf-middleware-usage,A CSRF middleware was not detected in your express application. Ensure you are either using one such as `csurf` or `csrf` (see rule references) and/or you are properly doing CSRF validation in your routes with a token or cookies.
81b678f411f3a3566d38bfa6d6cae5f0,original,javascript,2,28,9,files.javascript.rules.browser.security.insecure-document-method,"User controlled data in methods like `innerHTML`, `outerHTML` or `document.write` is an anti-pattern that can lead to XSS vulnerabilities"
81b678f411f3a3566d38bfa6d6cae5f0,original,javascript,2,28,9,files.javascript.rules.browser.security.insecure-innerhtml,User controlled data in a `resultDiv.innerHTML` is an anti-pattern that can lead to XSS vulnerabilities
828792741c4aae1f69e1e37bd24ba907,original,javascript,1,10,5,files.javascript.rules.browser.security.insecure-document-method,"User controlled data in methods like `innerHTML`, `outerHTML` or `document.write` is an anti-pattern that can lead to XSS vulnerabilities"
828792741c4aae1f69e1e37bd24ba907,original,javascript,1,10,5,files.javascript.rules.browser.security.insecure-innerhtml,User controlled data in a `document.getElementById('app').innerHTML` is an anti-pattern that can lead to XSS vulnerabilities
828792741c4aae1f69e1e37bd24ba907,original,javascript,2,40,5,files.javascript.rules.browser.security.insecure-document-method,"User controlled data in methods like `innerHTML`, `outerHTML` or `document.write` is an anti-pattern that can lead to XSS vulnerabilities"
828792741c4aae1f69e1e37bd24ba907,original,javascript,2,40,5,files.javascript.rules.browser.security.insecure-innerhtml,User controlled data in a `postsContainer.innerHTML` is an anti-pattern that can lead to XSS vulnerabilities
828792741c4aae1f69e1e37bd24ba907,original,javascript,2,40,50,files.javascript.rules.lang.security.html-in-template-string,"This template literal looks like HTML and has interpolated variables. These variables are not HTML-encoded by default. If the variables contain HTML tags, these may be interpreted by the browser, resulting in cross-site scripting (XSS)."
859031184b75549f76426ed25010ab6d,original,javascript,0,2,7,files.javascript.rules.express.security.audit.express-check-csurf-middleware-usage,A CSRF middleware was not detected in your express application. Ensure you are either using one such as `csurf` or `csrf` (see rule references) and/or you are properly doing CSRF validation in your routes with a token or cookies.
859031184b75549f76426ed25010ab6d,original,javascript,0,13,18,files.javascript.rules.express.security.audit.xss.direct-response-write,"Detected directly writing to a Response object from user-defined input. This bypasses any HTML escaping and may expose your application to a Cross-Site-scripting (XSS) vulnerability. Instead, use 'resp.render()' to render safely escaped HTML."
85eef60a6f01ec25dea23760e0348616,original,javascript,5,9,7,files.javascript.rules.express.security.audit.express-check-csurf-middleware-usage,A CSRF middleware was not detected in your express application. Ensure you are either using one such as `csurf` or `csrf` (see rule references) and/or you are properly doing CSRF validation in your routes with a token or cookies.
8821b6932c514b1fbeb86360444f7cbb,original,javascript,1,4,7,files.javascript.rules.express.security.audit.express-check-csurf-middleware-usage,A CSRF middleware was not detected in your express application. Ensure you are either using one such as `csurf` or `csrf` (see rule references) and/or you are properly doing CSRF validation in your routes with a token or cookies.
89961703dfbff4d4e82a001e2254317d,original,javascript,2,8,10,files.javascript.rules.express.security.audit.express-check-csurf-middleware-usage,A CSRF middleware was not detected in your express application. Ensure you are either using one such as `csurf` or `csrf` (see rule references) and/or you are properly doing CSRF validation in your routes with a token or cookies.
8ccccff6b7c71c467c2297562e8aa2b6,original,javascript,2,13,13,files.javascript.rules.browser.security.insecure-document-method,"User controlled data in methods like `innerHTML`, `outerHTML` or `document.write` is an anti-pattern that can lead to XSS vulnerabilities"
8ccccff6b7c71c467c2297562e8aa2b6,original,javascript,2,13,13,files.javascript.rules.browser.security.insecure-innerhtml,User controlled data in a `previewElement.innerHTML` is an anti-pattern that can lead to XSS vulnerabilities
8ce8cbabf7a2ad7c59b6ccfe55a65bfd,original,javascript,5,2,7,files.javascript.rules.express.security.audit.express-check-csurf-middleware-usage,A CSRF middleware was not detected in your express application. Ensure you are either using one such as `csurf` or `csrf` (see rule references) and/or you are properly doing CSRF validation in your routes with a token or cookies.
8d1bb2b8ffa19da974f6e0623ed8743f,original,javascript,1,12,7,files.javascript.rules.express.security.audit.express-check-csurf-middleware-usage,A CSRF middleware was not detected in your express application. Ensure you are either using one such as `csurf` or `csrf` (see rule references) and/or you are properly doing CSRF validation in your routes with a token or cookies.
8d1bb2b8ffa19da974f6e0623ed8743f,original,javascript,1,17,60,files.javascript.rules.express.security.audit.express-path-join-resolve-traversal,"Possible writing outside of the destination, make sure that the target path is nested in the intended destination"
8d1bb2b8ffa19da974f6e0623ed8743f,original,javascript,1,17,60,files.javascript.rules.lang.security.audit.path-traversal.path-join-resolve-traversal,"Detected possible user input going into a `path.join` or `path.resolve` function. This could possibly lead to a path traversal vulnerability,  where the attacker can access arbitrary files stored in the file system. Instead, be sure to sanitize or validate user input first."
8d1bb2b8ffa19da974f6e0623ed8743f,original,javascript,1,17,79,files.javascript.rules.express.security.audit.express-path-join-resolve-traversal,"Possible writing outside of the destination, make sure that the target path is nested in the intended destination"
8d1bb2b8ffa19da974f6e0623ed8743f,original,javascript,1,17,79,files.javascript.rules.lang.security.audit.path-traversal.path-join-resolve-traversal,"Detected possible user input going into a `path.join` or `path.resolve` function. This could possibly lead to a path traversal vulnerability,  where the attacker can access arbitrary files stored in the file system. Instead, be sure to sanitize or validate user input first."
8d1bb2b8ffa19da974f6e0623ed8743f,original,javascript,1,18,15,files.javascript.rules.lang.security.audit.detect-non-literal-fs-filename,"Detected that function argument `req` has entered the fs module. An attacker could potentially control the location of this file, to include going backwards in the directory with '../'. To address this, ensure that user-controlled variables in file paths are validated."
8d1bb2b8ffa19da974f6e0623ed8743f,original,javascript,1,22,25,files.javascript.rules.lang.security.audit.detect-non-literal-fs-filename,"Detected that function argument `req` has entered the fs module. An attacker could potentially control the location of this file, to include going backwards in the directory with '../'. To address this, ensure that user-controlled variables in file paths are validated."
91913925cab3c0728f8258ef5b0c8e97,original,javascript,0,4,7,files.javascript.rules.express.security.audit.express-check-csurf-middleware-usage,A CSRF middleware was not detected in your express application. Ensure you are either using one such as `csurf` or `csrf` (see rule references) and/or you are properly doing CSRF validation in your routes with a token or cookies.
998297fd4c513da991bb6764f9de5a59,original,javascript,0,45,5,files.javascript.rules.browser.security.insecure-document-method,"User controlled data in methods like `innerHTML`, `outerHTML` or `document.write` is an anti-pattern that can lead to XSS vulnerabilities"
998297fd4c513da991bb6764f9de5a59,original,javascript,0,45,5,files.javascript.rules.browser.security.insecure-innerhtml,User controlled data in a `paintingDiv.innerHTML` is an anti-pattern that can lead to XSS vulnerabilities
9a2b6dcadd93f4a7438b2fd6097fd366,original,javascript,2,25,9,files.javascript.rules.browser.security.insecure-document-method,"User controlled data in methods like `innerHTML`, `outerHTML` or `document.write` is an anti-pattern that can lead to XSS vulnerabilities"
9a2b6dcadd93f4a7438b2fd6097fd366,original,javascript,2,25,9,files.javascript.rules.browser.security.insecure-innerhtml,User controlled data in a `characterDiv.innerHTML` is an anti-pattern that can lead to XSS vulnerabilities
9a2b6dcadd93f4a7438b2fd6097fd366,original,javascript,2,25,34,files.javascript.rules.lang.security.html-in-template-string,"This template literal looks like HTML and has interpolated variables. These variables are not HTML-encoded by default. If the variables contain HTML tags, these may be interpreted by the browser, resulting in cross-site scripting (XSS)."
9b85c02c72a455e66d86de221ed9c4e1,original,javascript,0,8,12,files.javascript.rules.browser.security.insecure-document-method,"User controlled data in methods like `innerHTML`, `outerHTML` or `document.write` is an anti-pattern that can lead to XSS vulnerabilities"
9b85c02c72a455e66d86de221ed9c4e1,original,javascript,0,8,12,files.javascript.rules.browser.security.insecure-innerhtml,User controlled data in a `result.innerHTML` is an anti-pattern that can lead to XSS vulnerabilities
9b85c02c72a455e66d86de221ed9c4e1,original,javascript,0,13,22,files.javascript.rules.browser.security.eval-detected,"Detected the use of eval(). eval() can be dangerous if used to evaluate dynamic content. If this content can be input from outside the program, this may be a code injection vulnerability. Ensure evaluated content is not definable by external sources."
9b85c02c72a455e66d86de221ed9c4e1,original,javascript,0,14,16,files.javascript.rules.browser.security.insecure-document-method,"User controlled data in methods like `innerHTML`, `outerHTML` or `document.write` is an anti-pattern that can lead to XSS vulnerabilities"
9b85c02c72a455e66d86de221ed9c4e1,original,javascript,0,14,16,files.javascript.rules.browser.security.insecure-innerhtml,User controlled data in a `result.innerHTML` is an anti-pattern that can lead to XSS vulnerabilities
9b85c02c72a455e66d86de221ed9c4e1,original,javascript,2,8,9,files.javascript.rules.browser.security.insecure-document-method,"User controlled data in methods like `innerHTML`, `outerHTML` or `document.write` is an anti-pattern that can lead to XSS vulnerabilities"
9b85c02c72a455e66d86de221ed9c4e1,original,javascript,2,8,9,files.javascript.rules.browser.security.insecure-innerhtml,User controlled data in a `result.innerHTML` is an anti-pattern that can lead to XSS vulnerabilities
9b85c02c72a455e66d86de221ed9c4e1,original,javascript,2,13,19,files.javascript.rules.browser.security.eval-detected,"Detected the use of eval(). eval() can be dangerous if used to evaluate dynamic content. If this content can be input from outside the program, this may be a code injection vulnerability. Ensure evaluated content is not definable by external sources."
9b85c02c72a455e66d86de221ed9c4e1,original,javascript,2,14,13,files.javascript.rules.browser.security.insecure-document-method,"User controlled data in methods like `innerHTML`, `outerHTML` or `document.write` is an anti-pattern that can lead to XSS vulnerabilities"
9b85c02c72a455e66d86de221ed9c4e1,original,javascript,2,14,13,files.javascript.rules.browser.security.insecure-innerhtml,User controlled data in a `result.innerHTML` is an anti-pattern that can lead to XSS vulnerabilities
9d1577ff8493ece51c0f8f5be49a8872,original,javascript,1,3,7,files.javascript.rules.express.security.audit.express-check-csurf-middleware-usage,A CSRF middleware was not detected in your express application. Ensure you are either using one such as `csurf` or `csrf` (see rule references) and/or you are properly doing CSRF validation in your routes with a token or cookies.
9d1577ff8493ece51c0f8f5be49a8872,original,javascript,1,33,57,files.javascript.rules.express.security.injection.tainted-sql-string,"Detected user input used to manually construct a SQL string. This is usually bad practice because manual construction could accidentally result in a SQL injection. An attacker could use a SQL injection to steal or modify contents of the database. Instead, use a parameterized query which is available by default in most database engines. Alternatively, consider using an object-relational mapper (ORM) such as Sequelize which will protect your queries."
9d1577ff8493ece51c0f8f5be49a8872,original,javascript,1,45,67,files.javascript.rules.express.security.injection.tainted-sql-string,"Detected user input used to manually construct a SQL string. This is usually bad practice because manual construction could accidentally result in a SQL injection. An attacker could use a SQL injection to steal or modify contents of the database. Instead, use a parameterized query which is available by default in most database engines. Alternatively, consider using an object-relational mapper (ORM) such as Sequelize which will protect your queries."
9ef59b471fa3b4af04cb319c850df65a,original,javascript,1,5,10,files.javascript.rules.express.security.audit.express-check-csurf-middleware-usage,A CSRF middleware was not detected in your express application. Ensure you are either using one such as `csurf` or `csrf` (see rule references) and/or you are properly doing CSRF validation in your routes with a token or cookies.
a0ea499be7358a586202c5663f397931,original,javascript,0,2,7,files.javascript.rules.express.security.audit.express-check-csurf-middleware-usage,A CSRF middleware was not detected in your express application. Ensure you are either using one such as `csurf` or `csrf` (see rule references) and/or you are properly doing CSRF validation in your routes with a token or cookies.
a108664229e1991a110ed70051ae4242,original,javascript,0,2,7,files.javascript.rules.express.security.audit.express-check-csurf-middleware-usage,A CSRF middleware was not detected in your express application. Ensure you are either using one such as `csurf` or `csrf` (see rule references) and/or you are properly doing CSRF validation in your routes with a token or cookies.
a389d711a31e526d75c9ad23d544d88e,original,javascript,2,3,7,files.javascript.rules.express.security.audit.express-check-csurf-middleware-usage,A CSRF middleware was not detected in your express application. Ensure you are either using one such as `csurf` or `csrf` (see rule references) and/or you are properly doing CSRF validation in your routes with a token or cookies.
a9a29118f68fe134881334753174724b,original,javascript,0,110,3,files.javascript.rules.browser.security.insecure-document-method,"User controlled data in methods like `innerHTML`, `outerHTML` or `document.write` is an anti-pattern that can lead to XSS vulnerabilities"
a9a29118f68fe134881334753174724b,original,javascript,0,110,3,files.javascript.rules.browser.security.insecure-innerhtml,User controlled data in a `label.innerHTML` is an anti-pattern that can lead to XSS vulnerabilities
a9ba95f3b9c0253bb1565aa59f8b3e8b,original,javascript,2,27,9,files.javascript.rules.browser.security.insecure-document-method,"User controlled data in methods like `innerHTML`, `outerHTML` or `document.write` is an anti-pattern that can lead to XSS vulnerabilities"
a9ba95f3b9c0253bb1565aa59f8b3e8b,original,javascript,2,27,9,files.javascript.rules.browser.security.insecure-innerhtml,User controlled data in a `weatherDisplay.innerHTML` is an anti-pattern that can lead to XSS vulnerabilities
a9ba95f3b9c0253bb1565aa59f8b3e8b,original,javascript,2,27,36,files.javascript.rules.lang.security.html-in-template-string,"This template literal looks like HTML and has interpolated variables. These variables are not HTML-encoded by default. If the variables contain HTML tags, these may be interpreted by the browser, resulting in cross-site scripting (XSS)."
a9ba95f3b9c0253bb1565aa59f8b3e8b,original,javascript,2,38,5,files.javascript.rules.browser.security.insecure-document-method,"User controlled data in methods like `innerHTML`, `outerHTML` or `document.write` is an anti-pattern that can lead to XSS vulnerabilities"
a9ba95f3b9c0253bb1565aa59f8b3e8b,original,javascript,2,38,5,files.javascript.rules.browser.security.insecure-innerhtml,User controlled data in a `weatherDisplay.innerHTML` is an anti-pattern that can lead to XSS vulnerabilities
a9ba95f3b9c0253bb1565aa59f8b3e8b,original,javascript,2,38,32,files.javascript.rules.lang.security.html-in-template-string,"This template literal looks like HTML and has interpolated variables. These variables are not HTML-encoded by default. If the variables contain HTML tags, these may be interpreted by the browser, resulting in cross-site scripting (XSS)."
a9fc0f83cd6d6ecb94036452ac5c6233,original,javascript,2,5,10,files.javascript.rules.express.security.audit.express-check-csurf-middleware-usage,A CSRF middleware was not detected in your express application. Ensure you are either using one such as `csurf` or `csrf` (see rule references) and/or you are properly doing CSRF validation in your routes with a token or cookies.
aa648ed834bc655993823125369ba266,original,javascript,0,53,21,files.javascript.rules.lang.security.audit.prototype-pollution.prototype-pollution-loop,"Possibility of prototype polluting function detected. By adding or modifying attributes of an object prototype, it is possible to create attributes that exist on every object, or replace critical attributes with malicious ones. This can be problematic if the software depends on existence or non-existence of certain attributes, or uses pre-defined attributes of object prototype (such as hasOwnProperty, toString or valueOf). Possible mitigations might be: freezing the object prototype, using an object without prototypes (via Object.create(null) ), blocking modifications of attributes that resolve to object prototype, using Map instead of object."
abc67deb547bc4f5686c8521ce2d8207,original,javascript,2,23,9,files.javascript.rules.browser.security.insecure-document-method,"User controlled data in methods like `innerHTML`, `outerHTML` or `document.write` is an anti-pattern that can lead to XSS vulnerabilities"
abc67deb547bc4f5686c8521ce2d8207,original,javascript,2,23,9,files.javascript.rules.browser.security.insecure-innerhtml,User controlled data in a `productDiv.innerHTML` is an anti-pattern that can lead to XSS vulnerabilities
abc67deb547bc4f5686c8521ce2d8207,original,javascript,2,23,32,files.javascript.rules.lang.security.html-in-template-string,"This template literal looks like HTML and has interpolated variables. These variables are not HTML-encoded by default. If the variables contain HTML tags, these may be interpreted by the browser, resulting in cross-site scripting (XSS)."
ac2303cb22460848c7d1dd1a18423bca,original,javascript,2,12,25,files.javascript.rules.browser.security.eval-detected,"Detected the use of eval(). eval() can be dangerous if used to evaluate dynamic content. If this content can be input from outside the program, this may be a code injection vulnerability. Ensure evaluated content is not definable by external sources."
adf9c1a24add35e84401b1c3e7c160d9,original,javascript,4,5,7,files.javascript.rules.express.security.audit.express-check-csurf-middleware-usage,A CSRF middleware was not detected in your express application. Ensure you are either using one such as `csurf` or `csrf` (see rule references) and/or you are properly doing CSRF validation in your routes with a token or cookies.
adf9c1a24add35e84401b1c3e7c160d9,original,javascript,7,5,7,files.javascript.rules.express.security.audit.express-check-csurf-middleware-usage,A CSRF middleware was not detected in your express application. Ensure you are either using one such as `csurf` or `csrf` (see rule references) and/or you are properly doing CSRF validation in your routes with a token or cookies.
af6e1069d702d3a3995b553f6eede23c,original,javascript,0,11,13,files.javascript.rules.express.security.audit.express-check-csurf-middleware-usage,A CSRF middleware was not detected in your express application. Ensure you are either using one such as `csurf` or `csrf` (see rule references) and/or you are properly doing CSRF validation in your routes with a token or cookies.
b285f1eb418a7a280f6c60101180974b,original,javascript,2,7,7,files.javascript.rules.express.security.audit.express-check-csurf-middleware-usage,A CSRF middleware was not detected in your express application. Ensure you are either using one such as `csurf` or `csrf` (see rule references) and/or you are properly doing CSRF validation in your routes with a token or cookies.
b2e1c2b6e8ba2cf05fe985cfadd2d8b6,original,javascript,0,3,9,files.javascript.rules.jquery.security.audit.jquery-insecure-method,User controlled data in a jQuery's `.html(...)` is an anti-pattern that can lead to XSS vulnerabilities
b2e1c2b6e8ba2cf05fe985cfadd2d8b6,original,javascript,0,3,9,files.javascript.rules.jquery.security.audit.prohibit-jquery-html,"JQuery's `html` function is susceptible to Cross Site Scripting (XSS) attacks. If you're just passing text, consider `text` instead. Otherwise, use a function that escapes HTML such as edX's `HtmlUtils.setHtml()`."
b310f012f33f60f6a56b0b6531297933,original,javascript,0,13,21,files.javascript.rules.lang.security.audit.unsafe-formatstring,"Detected string concatenation with a non-literal variable in a util.format / console.log function. If an attacker injects a format specifier in the string, it will forge the log message. Try to use constant values for the format string."
b4441e42e266667e4d30efdb7f7c091d,original,javascript,3,8,1,files.javascript.rules.browser.security.insecure-document-method,"User controlled data in methods like `innerHTML`, `outerHTML` or `document.write` is an anti-pattern that can lead to XSS vulnerabilities"
b4441e42e266667e4d30efdb7f7c091d,original,javascript,3,8,1,files.javascript.rules.browser.security.insecure-innerhtml,User controlled data in a `tagContainer.innerHTML` is an anti-pattern that can lead to XSS vulnerabilities
b71bb8e276728536c7af781abe9d4e21,original,javascript,2,8,3,files.javascript.rules.browser.security.insecure-document-method,"User controlled data in methods like `innerHTML`, `outerHTML` or `document.write` is an anti-pattern that can lead to XSS vulnerabilities"
b71bb8e276728536c7af781abe9d4e21,original,javascript,2,8,3,files.javascript.rules.browser.security.insecure-innerhtml,User controlled data in a `paintingDiv.innerHTML` is an anti-pattern that can lead to XSS vulnerabilities
b77afe58b8fbd55c8c7594dfb735c3a8,original,javascript,1,5,7,files.javascript.rules.express.security.audit.express-check-csurf-middleware-usage,A CSRF middleware was not detected in your express application. Ensure you are either using one such as `csurf` or `csrf` (see rule references) and/or you are properly doing CSRF validation in your routes with a token or cookies.
b7cecdbd19e4e592039f45b98302cce7,original,javascript,0,10,5,files.javascript.rules.browser.security.insecure-document-method,"User controlled data in methods like `innerHTML`, `outerHTML` or `document.write` is an anti-pattern that can lead to XSS vulnerabilities"
b7cecdbd19e4e592039f45b98302cce7,original,javascript,0,10,5,files.javascript.rules.browser.security.insecure-innerhtml,User controlled data in a `tempDiv.innerHTML` is an anti-pattern that can lead to XSS vulnerabilities
b8d017b1c861ed6f2e41d3df1409ad09,original,javascript,1,3,7,files.javascript.rules.express.security.audit.express-check-csurf-middleware-usage,A CSRF middleware was not detected in your express application. Ensure you are either using one such as `csurf` or `csrf` (see rule references) and/or you are properly doing CSRF validation in your routes with a token or cookies.
bbc6a3d7d8ea19baaaa235ef0edf2ac0,original,javascript,1,2,12,files.javascript.rules.lang.security.html-in-template-string,"This template literal looks like HTML and has interpolated variables. These variables are not HTML-encoded by default. If the variables contain HTML tags, these may be interpreted by the browser, resulting in cross-site scripting (XSS)."
bbc6a3d7d8ea19baaaa235ef0edf2ac0,original,javascript,3,2,1,files.javascript.rules.browser.security.insecure-document-method,"User controlled data in methods like `innerHTML`, `outerHTML` or `document.write` is an anti-pattern that can lead to XSS vulnerabilities"
bbc6a3d7d8ea19baaaa235ef0edf2ac0,original,javascript,3,2,1,files.javascript.rules.browser.security.insecure-innerhtml,User controlled data in a `message_box.innerHTML` is an anti-pattern that can lead to XSS vulnerabilities
bbc6a3d7d8ea19baaaa235ef0edf2ac0,original,javascript,3,2,26,files.javascript.rules.lang.security.html-in-template-string,"This template literal looks like HTML and has interpolated variables. These variables are not HTML-encoded by default. If the variables contain HTML tags, these may be interpreted by the browser, resulting in cross-site scripting (XSS)."
bcc49506e0858a152b6b986376f837ca,original,javascript,0,6,7,files.javascript.rules.express.security.audit.express-check-csurf-middleware-usage,A CSRF middleware was not detected in your express application. Ensure you are either using one such as `csurf` or `csrf` (see rule references) and/or you are properly doing CSRF validation in your routes with a token or cookies.
bcc49506e0858a152b6b986376f837ca,original,javascript,0,27,21,files.javascript.rules.lang.security.audit.unsafe-formatstring,"Detected string concatenation with a non-literal variable in a util.format / console.log function. If an attacker injects a format specifier in the string, it will forge the log message. Try to use constant values for the format string."
bcc49506e0858a152b6b986376f837ca,original,javascript,0,52,19,files.javascript.rules.lang.security.audit.unsafe-formatstring,"Detected string concatenation with a non-literal variable in a util.format / console.log function. If an attacker injects a format specifier in the string, it will forge the log message. Try to use constant values for the format string."
bf545b59f8a49cceb088cdee47b0e033,original,javascript,0,25,11,files.javascript.rules.puppeteer.security.audit.puppeteer-goto-injection,If unverified user data can reach the `goto` method it can result in Server-Side Request Forgery vulnerabilities
bf545b59f8a49cceb088cdee47b0e033,original,javascript,0,34,31,files.javascript.rules.puppeteer.security.audit.puppeteer-evaluate-arg-injection,If unverified user data can reach the `evaluate` method it can result in Server-Side Request Forgery vulnerabilities
c0f2a3e041028ffc7bf119d5ab263d58,original,javascript,0,24,31,files.javascript.rules.lang.security.audit.detect-redos,"Detected the use of a regular expression `(?:[a-z0-9+!#$%&'*+/=?^_`{|}~-]+(?:\.[a-z0-9!#$%&'*+/=?^_`{|}~-]+)*|""(?:[\x01-\x08\x0b\x0c\x0e-\x1f\x21\x23-\x5b\x5d-\x7f]|\\[\x01-\x09\x0b\x0c\x0e-\x7f])*"")@(?:(?:[a-z0-9](?:[a-z0-9-]*[a-z0-9])?\.)+[a-z0-9](?:[a-z0-9-]*[a-z0-9])?|\[(?:(?:25[0-5]|2[0-4][0-9]|[01]?[0-9][0-9]?)\.){3}(?:25[0-5]|2[0-4][0-9]|[01]?[0-9][0-9]?|[a-z0-9-]*[a-z0-9]:(?:[\x01-\x08\x0b\x0c\x0e-\x1f\x21-\x5a\x53-\x7f]|\\[\x01-\x09\x0b\x0c\x0e-\x7f])+)\])` which appears to be vulnerable to a Regular expression Denial-of-Service (ReDoS). For this reason, it is recommended to review the regex and ensure it is not vulnerable to catastrophic backtracking, and if possible use a library which offers default safety against ReDoS vulnerabilities."
c486f1cdd8c95b1cdf8b5a32c22e95bf,original,javascript,4,8,7,files.javascript.rules.express.security.audit.express-check-csurf-middleware-usage,A CSRF middleware was not detected in your express application. Ensure you are either using one such as `csurf` or `csrf` (see rule references) and/or you are properly doing CSRF validation in your routes with a token or cookies.
c496f3555ba69ce9dca1d9a38e823be4,original,javascript,1,2,1,files.javascript.rules.browser.security.insecure-document-method,"User controlled data in methods like `innerHTML`, `outerHTML` or `document.write` is an anti-pattern that can lead to XSS vulnerabilities"
c496f3555ba69ce9dca1d9a38e823be4,original,javascript,1,2,1,files.javascript.rules.browser.security.insecure-innerhtml,User controlled data in a `textBubble.innerHTML` is an anti-pattern that can lead to XSS vulnerabilities
c5d3e3c5c1cace8615214182538135ab,original,javascript,0,21,9,files.javascript.rules.browser.security.insecure-document-method,"User controlled data in methods like `innerHTML`, `outerHTML` or `document.write` is an anti-pattern that can lead to XSS vulnerabilities"
c5d3e3c5c1cace8615214182538135ab,original,javascript,0,21,9,files.javascript.rules.browser.security.insecure-innerhtml,User controlled data in a `progressBarFilled.innerHTML` is an anti-pattern that can lead to XSS vulnerabilities
c5d3e3c5c1cace8615214182538135ab,original,javascript,0,23,9,files.javascript.rules.browser.security.insecure-document-method,"User controlled data in methods like `innerHTML`, `outerHTML` or `document.write` is an anti-pattern that can lead to XSS vulnerabilities"
c5d3e3c5c1cace8615214182538135ab,original,javascript,0,23,9,files.javascript.rules.browser.security.insecure-innerhtml,User controlled data in a `progressBarFilled.innerHTML` is an anti-pattern that can lead to XSS vulnerabilities
c79f91d92442c1d1bdca116348c222c1,original,javascript,1,36,22,files.javascript.rules.lang.security.audit.detect-non-literal-fs-filename,"Detected that function argument `tableName` has entered the fs module. An attacker could potentially control the location of this file, to include going backwards in the directory with '../'. To address this, ensure that user-controlled variables in file paths are validated."
c79f91d92442c1d1bdca116348c222c1,original,javascript,1,84,22,files.javascript.rules.lang.security.audit.detect-non-literal-fs-filename,"Detected that function argument `tableName` has entered the fs module. An attacker could potentially control the location of this file, to include going backwards in the directory with '../'. To address this, ensure that user-controlled variables in file paths are validated."
c79f91d92442c1d1bdca116348c222c1,original,javascript,1,114,22,files.javascript.rules.lang.security.audit.detect-non-literal-fs-filename,"Detected that function argument `tableName` has entered the fs module. An attacker could potentially control the location of this file, to include going backwards in the directory with '../'. To address this, ensure that user-controlled variables in file paths are validated."
c7df39a71e2db7c27996724f813b03eb,original,javascript,0,45,21,files.javascript.rules.lang.security.audit.detect-non-literal-regexp,"RegExp() called with a `pattern` function argument, this might allow an attacker to cause a Regular Expression Denial-of-Service (ReDoS) within your application as RegExP blocks the main thread. For this reason, it is recommended to use hardcoded regexes instead. If your regex is run on user-controlled input, consider performing input validation or use a regex checking/sanitization library such as https://www.npmjs.com/package/recheck to verify that the regex does not appear vulnerable to ReDoS."
c7df39a71e2db7c27996724f813b03eb,original,javascript,0,53,21,files.javascript.rules.lang.security.audit.detect-non-literal-regexp,"RegExp() called with a `pattern` function argument, this might allow an attacker to cause a Regular Expression Denial-of-Service (ReDoS) within your application as RegExP blocks the main thread. For this reason, it is recommended to use hardcoded regexes instead. If your regex is run on user-controlled input, consider performing input validation or use a regex checking/sanitization library such as https://www.npmjs.com/package/recheck to verify that the regex does not appear vulnerable to ReDoS."
ca3f04a169ad70c1288caa17f5ff79fd,original,javascript,0,33,9,files.javascript.rules.browser.security.insecure-document-method,"User controlled data in methods like `innerHTML`, `outerHTML` or `document.write` is an anti-pattern that can lead to XSS vulnerabilities"
ca3f04a169ad70c1288caa17f5ff79fd,original,javascript,0,33,9,files.javascript.rules.browser.security.insecure-innerhtml,User controlled data in a `progressBarFilled.innerHTML` is an anti-pattern that can lead to XSS vulnerabilities
ca3f04a169ad70c1288caa17f5ff79fd,original,javascript,0,36,9,files.javascript.rules.browser.security.insecure-document-method,"User controlled data in methods like `innerHTML`, `outerHTML` or `document.write` is an anti-pattern that can lead to XSS vulnerabilities"
ca3f04a169ad70c1288caa17f5ff79fd,original,javascript,0,36,9,files.javascript.rules.browser.security.insecure-innerhtml,User controlled data in a `progressBarFilled.innerHTML` is an anti-pattern that can lead to XSS vulnerabilities
cbb4f96d576324c6e60abf62ec4f1351,original,javascript,6,6,10,files.javascript.rules.express.security.audit.express-check-csurf-middleware-usage,A CSRF middleware was not detected in your express application. Ensure you are either using one such as `csurf` or `csrf` (see rule references) and/or you are properly doing CSRF validation in your routes with a token or cookies.
cd86febc69f8943c19dc041967dfdc50,original,javascript,0,3,7,files.javascript.rules.express.security.audit.express-check-csurf-middleware-usage,A CSRF middleware was not detected in your express application. Ensure you are either using one such as `csurf` or `csrf` (see rule references) and/or you are properly doing CSRF validation in your routes with a token or cookies.
ce6dddca55bda618cd87e96a15497fdf,original,javascript,0,13,5,files.javascript.rules.jquery.security.audit.jquery-insecure-method,User controlled data in a jQuery's `.append(...)` is an anti-pattern that can lead to XSS vulnerabilities
ce6dddca55bda618cd87e96a15497fdf,original,javascript,0,16,5,files.javascript.rules.jquery.security.audit.jquery-insecure-method,User controlled data in a jQuery's `.before(...)` is an anti-pattern that can lead to XSS vulnerabilities
cfd473702afa71c5787c9e60b5630a54,original,javascript,1,12,38,files.javascript.rules.lang.security.audit.detect-non-literal-fs-filename,"Detected that function argument `filePath` has entered the fs module. An attacker could potentially control the location of this file, to include going backwards in the directory with '../'. To address this, ensure that user-controlled variables in file paths are validated."
d350b072dc3186cecae5301f2db76662,original,javascript,2,12,25,files.javascript.rules.browser.security.eval-detected,"Detected the use of eval(). eval() can be dangerous if used to evaluate dynamic content. If this content can be input from outside the program, this may be a code injection vulnerability. Ensure evaluated content is not definable by external sources."
d4229b139ed21f35f3c03f36e191417f,original,javascript,0,2,27,files.javascript.rules.lang.security.detect-insecure-websocket,Insecure WebSocket Detected. WebSocket Secure (wss) should be used for all WebSocket connections.
d4229b139ed21f35f3c03f36e191417f,original,javascript,1,4,27,files.javascript.rules.lang.security.detect-insecure-websocket,Insecure WebSocket Detected. WebSocket Secure (wss) should be used for all WebSocket connections.
d4229b139ed21f35f3c03f36e191417f,original,javascript,3,4,27,files.javascript.rules.lang.security.detect-insecure-websocket,Insecure WebSocket Detected. WebSocket Secure (wss) should be used for all WebSocket connections.
d87770f39330907c346351fe59d06bec,original,javascript,0,16,7,files.javascript.rules.express.security.audit.express-check-csurf-middleware-usage,A CSRF middleware was not detected in your express application. Ensure you are either using one such as `csurf` or `csrf` (see rule references) and/or you are properly doing CSRF validation in your routes with a token or cookies.
db99e98433391d12ac27b2f0568f778c,original,javascript,3,19,17,files.javascript.rules.jquery.security.audit.jquery-insecure-method,User controlled data in a jQuery's `.html(...)` is an anti-pattern that can lead to XSS vulnerabilities
db99e98433391d12ac27b2f0568f778c,original,javascript,3,19,17,files.javascript.rules.jquery.security.audit.prohibit-jquery-html,"JQuery's `html` function is susceptible to Cross Site Scripting (XSS) attacks. If you're just passing text, consider `text` instead. Otherwise, use a function that escapes HTML such as edX's `HtmlUtils.setHtml()`."
db99e98433391d12ac27b2f0568f778c,original,javascript,3,19,25,files.javascript.rules.jquery.security.audit.jquery-insecure-selector,User controlled data in a `$(...)` is an anti-pattern that can lead to XSS vulnerabilities
df6399ba3b3ef3695efbf2ee2f1cb774,original,javascript,1,5,7,files.javascript.rules.express.security.audit.express-check-csurf-middleware-usage,A CSRF middleware was not detected in your express application. Ensure you are either using one such as `csurf` or `csrf` (see rule references) and/or you are properly doing CSRF validation in your routes with a token or cookies.
e0cde108be36f6a5a0636afe64c23725,original,javascript,1,49,13,files.javascript.rules.browser.security.insecure-document-method,"User controlled data in methods like `innerHTML`, `outerHTML` or `document.write` is an anti-pattern that can lead to XSS vulnerabilities"
e0cde108be36f6a5a0636afe64c23725,original,javascript,1,49,13,files.javascript.rules.browser.security.insecure-innerhtml,User controlled data in a `outputDiv.innerHTML` is an anti-pattern that can lead to XSS vulnerabilities
e38f7c9db15ecedddab3a1e1a02c5b78,original,javascript,0,49,44,files.javascript.rules.browser.security.js-open-redirect-from-function,The application accepts potentially user-controlled input `event` which can control the location of the current window context. This can lead two types of vulnerabilities open-redirection and Cross-Site-Scripting (XSS) with JavaScript URIs. It is recommended to validate user-controllable input before allowing it to control the redirection.
e3f7df541326f4e9c4612daecf942432,original,javascript,6,8,7,files.javascript.rules.express.security.audit.express-check-csurf-middleware-usage,A CSRF middleware was not detected in your express application. Ensure you are either using one such as `csurf` or `csrf` (see rule references) and/or you are properly doing CSRF validation in your routes with a token or cookies.
e57e61f8ec1b080ae6caa7ca9bf7a2b2,original,javascript,0,8,12,files.javascript.rules.lang.security.audit.detect-non-literal-regexp,"RegExp() called with a `flags` function argument, this might allow an attacker to cause a Regular Expression Denial-of-Service (ReDoS) within your application as RegExP blocks the main thread. For this reason, it is recommended to use hardcoded regexes instead. If your regex is run on user-controlled input, consider performing input validation or use a regex checking/sanitization library such as https://www.npmjs.com/package/recheck to verify that the regex does not appear vulnerable to ReDoS."
e57e61f8ec1b080ae6caa7ca9bf7a2b2,original,javascript,0,8,12,files.javascript.rules.lang.security.audit.detect-non-literal-regexp,"RegExp() called with a `tagTypes` function argument, this might allow an attacker to cause a Regular Expression Denial-of-Service (ReDoS) within your application as RegExP blocks the main thread. For this reason, it is recommended to use hardcoded regexes instead. If your regex is run on user-controlled input, consider performing input validation or use a regex checking/sanitization library such as https://www.npmjs.com/package/recheck to verify that the regex does not appear vulnerable to ReDoS."
e57e61f8ec1b080ae6caa7ca9bf7a2b2,original,javascript,0,13,12,files.javascript.rules.lang.security.audit.detect-non-literal-regexp,"RegExp() called with a `flags` function argument, this might allow an attacker to cause a Regular Expression Denial-of-Service (ReDoS) within your application as RegExP blocks the main thread. For this reason, it is recommended to use hardcoded regexes instead. If your regex is run on user-controlled input, consider performing input validation or use a regex checking/sanitization library such as https://www.npmjs.com/package/recheck to verify that the regex does not appear vulnerable to ReDoS."
e57e61f8ec1b080ae6caa7ca9bf7a2b2,original,javascript,0,13,12,files.javascript.rules.lang.security.audit.detect-non-literal-regexp,"RegExp() called with a `tagTypes` function argument, this might allow an attacker to cause a Regular Expression Denial-of-Service (ReDoS) within your application as RegExP blocks the main thread. For this reason, it is recommended to use hardcoded regexes instead. If your regex is run on user-controlled input, consider performing input validation or use a regex checking/sanitization library such as https://www.npmjs.com/package/recheck to verify that the regex does not appear vulnerable to ReDoS."
e57e61f8ec1b080ae6caa7ca9bf7a2b2,original,javascript,0,18,12,files.javascript.rules.lang.security.audit.detect-non-literal-regexp,"RegExp() called with a `flags` function argument, this might allow an attacker to cause a Regular Expression Denial-of-Service (ReDoS) within your application as RegExP blocks the main thread. For this reason, it is recommended to use hardcoded regexes instead. If your regex is run on user-controlled input, consider performing input validation or use a regex checking/sanitization library such as https://www.npmjs.com/package/recheck to verify that the regex does not appear vulnerable to ReDoS."
e57e61f8ec1b080ae6caa7ca9bf7a2b2,original,javascript,0,18,12,files.javascript.rules.lang.security.audit.detect-non-literal-regexp,"RegExp() called with a `tagTypes` function argument, this might allow an attacker to cause a Regular Expression Denial-of-Service (ReDoS) within your application as RegExP blocks the main thread. For this reason, it is recommended to use hardcoded regexes instead. If your regex is run on user-controlled input, consider performing input validation or use a regex checking/sanitization library such as https://www.npmjs.com/package/recheck to verify that the regex does not appear vulnerable to ReDoS."
e57e61f8ec1b080ae6caa7ca9bf7a2b2,original,javascript,0,23,12,files.javascript.rules.lang.security.audit.detect-non-literal-regexp,"RegExp() called with a `flags` function argument, this might allow an attacker to cause a Regular Expression Denial-of-Service (ReDoS) within your application as RegExP blocks the main thread. For this reason, it is recommended to use hardcoded regexes instead. If your regex is run on user-controlled input, consider performing input validation or use a regex checking/sanitization library such as https://www.npmjs.com/package/recheck to verify that the regex does not appear vulnerable to ReDoS."
e57e61f8ec1b080ae6caa7ca9bf7a2b2,original,javascript,0,23,12,files.javascript.rules.lang.security.audit.detect-non-literal-regexp,"RegExp() called with a `tagTypes` function argument, this might allow an attacker to cause a Regular Expression Denial-of-Service (ReDoS) within your application as RegExP blocks the main thread. For this reason, it is recommended to use hardcoded regexes instead. If your regex is run on user-controlled input, consider performing input validation or use a regex checking/sanitization library such as https://www.npmjs.com/package/recheck to verify that the regex does not appear vulnerable to ReDoS."
e57e61f8ec1b080ae6caa7ca9bf7a2b2,original,javascript,0,28,12,files.javascript.rules.lang.security.audit.detect-non-literal-regexp,"RegExp() called with a `flags` function argument, this might allow an attacker to cause a Regular Expression Denial-of-Service (ReDoS) within your application as RegExP blocks the main thread. For this reason, it is recommended to use hardcoded regexes instead. If your regex is run on user-controlled input, consider performing input validation or use a regex checking/sanitization library such as https://www.npmjs.com/package/recheck to verify that the regex does not appear vulnerable to ReDoS."
e57e61f8ec1b080ae6caa7ca9bf7a2b2,original,javascript,0,28,12,files.javascript.rules.lang.security.audit.detect-non-literal-regexp,"RegExp() called with a `tagTypes` function argument, this might allow an attacker to cause a Regular Expression Denial-of-Service (ReDoS) within your application as RegExP blocks the main thread. For this reason, it is recommended to use hardcoded regexes instead. If your regex is run on user-controlled input, consider performing input validation or use a regex checking/sanitization library such as https://www.npmjs.com/package/recheck to verify that the regex does not appear vulnerable to ReDoS."
e57e61f8ec1b080ae6caa7ca9bf7a2b2,original,javascript,0,33,12,files.javascript.rules.lang.security.audit.detect-non-literal-regexp,"RegExp() called with a `flags` function argument, this might allow an attacker to cause a Regular Expression Denial-of-Service (ReDoS) within your application as RegExP blocks the main thread. For this reason, it is recommended to use hardcoded regexes instead. If your regex is run on user-controlled input, consider performing input validation or use a regex checking/sanitization library such as https://www.npmjs.com/package/recheck to verify that the regex does not appear vulnerable to ReDoS."
e57e61f8ec1b080ae6caa7ca9bf7a2b2,original,javascript,0,33,12,files.javascript.rules.lang.security.audit.detect-non-literal-regexp,"RegExp() called with a `tagTypes` function argument, this might allow an attacker to cause a Regular Expression Denial-of-Service (ReDoS) within your application as RegExP blocks the main thread. For this reason, it is recommended to use hardcoded regexes instead. If your regex is run on user-controlled input, consider performing input validation or use a regex checking/sanitization library such as https://www.npmjs.com/package/recheck to verify that the regex does not appear vulnerable to ReDoS."
e707046ddb90bb77ad490983a7331415,original,javascript,3,6,7,files.javascript.rules.express.security.audit.express-check-csurf-middleware-usage,A CSRF middleware was not detected in your express application. Ensure you are either using one such as `csurf` or `csrf` (see rule references) and/or you are properly doing CSRF validation in your routes with a token or cookies.
e76724a57b19567c0e74a05e7a0c03a1,original,javascript,0,3,7,files.javascript.rules.express.security.audit.express-check-csurf-middleware-usage,A CSRF middleware was not detected in your express application. Ensure you are either using one such as `csurf` or `csrf` (see rule references) and/or you are properly doing CSRF validation in your routes with a token or cookies.
e8af6b172125ca41911eb5a5e64df1e2,original,javascript,0,11,5,files.javascript.rules.browser.security.insecure-document-method,"User controlled data in methods like `innerHTML`, `outerHTML` or `document.write` is an anti-pattern that can lead to XSS vulnerabilities"
e8af6b172125ca41911eb5a5e64df1e2,original,javascript,0,11,5,files.javascript.rules.browser.security.insecure-innerhtml,User controlled data in a `streetviewDiv.innerHTML` is an anti-pattern that can lead to XSS vulnerabilities
e9dee455c4bad4b134b7c6da0909574c,original,javascript,0,12,5,files.javascript.rules.browser.security.insecure-document-method,"User controlled data in methods like `innerHTML`, `outerHTML` or `document.write` is an anti-pattern that can lead to XSS vulnerabilities"
e9dee455c4bad4b134b7c6da0909574c,original,javascript,0,12,5,files.javascript.rules.browser.security.insecure-innerhtml,User controlled data in a `messageDisplay.innerHTML` is an anti-pattern that can lead to XSS vulnerabilities
e9dee455c4bad4b134b7c6da0909574c,original,javascript,1,1,1,files.javascript.rules.browser.security.insecure-document-method,"User controlled data in methods like `innerHTML`, `outerHTML` or `document.write` is an anti-pattern that can lead to XSS vulnerabilities"
e9dee455c4bad4b134b7c6da0909574c,original,javascript,1,1,1,files.javascript.rules.browser.security.insecure-innerhtml,User controlled data in a `messageDisplay.innerHTML` is an anti-pattern that can lead to XSS vulnerabilities
e9dee455c4bad4b134b7c6da0909574c,original,javascript,2,8,9,files.javascript.rules.browser.security.insecure-document-method,"User controlled data in methods like `innerHTML`, `outerHTML` or `document.write` is an anti-pattern that can lead to XSS vulnerabilities"
e9dee455c4bad4b134b7c6da0909574c,original,javascript,2,8,9,files.javascript.rules.browser.security.insecure-innerhtml,User controlled data in a `messageDisplay.innerHTML` is an anti-pattern that can lead to XSS vulnerabilities
eb2cafea963dd096df489ead805fc555,original,javascript,0,48,3,files.javascript.rules.browser.security.insecure-document-method,"User controlled data in methods like `innerHTML`, `outerHTML` or `document.write` is an anti-pattern that can lead to XSS vulnerabilities"
eb2cafea963dd096df489ead805fc555,original,javascript,0,48,3,files.javascript.rules.browser.security.insecure-innerhtml,User controlled data in a `paintingDiv.innerHTML` is an anti-pattern that can lead to XSS vulnerabilities
eb66e4d63a2347d2bc69881da499231f,original,javascript,1,6,7,files.javascript.rules.express.security.audit.express-check-csurf-middleware-usage,A CSRF middleware was not detected in your express application. Ensure you are either using one such as `csurf` or `csrf` (see rule references) and/or you are properly doing CSRF validation in your routes with a token or cookies.
eb88b6400687c0c20c228093d14e4f66,original,javascript,4,9,7,files.javascript.rules.express.security.audit.express-check-csurf-middleware-usage,A CSRF middleware was not detected in your express application. Ensure you are either using one such as `csurf` or `csrf` (see rule references) and/or you are properly doing CSRF validation in your routes with a token or cookies.
ec2118d583229aed623fa891caffbc56,original,javascript,0,29,9,files.javascript.rules.browser.security.insecure-document-method,"User controlled data in methods like `innerHTML`, `outerHTML` or `document.write` is an anti-pattern that can lead to XSS vulnerabilities"
ec2118d583229aed623fa891caffbc56,original,javascript,0,29,9,files.javascript.rules.browser.security.insecure-innerhtml,User controlled data in a `item.querySelector('.timer_h').innerHTML` is an anti-pattern that can lead to XSS vulnerabilities
ec2118d583229aed623fa891caffbc56,original,javascript,0,30,9,files.javascript.rules.browser.security.insecure-document-method,"User controlled data in methods like `innerHTML`, `outerHTML` or `document.write` is an anti-pattern that can lead to XSS vulnerabilities"
ec2118d583229aed623fa891caffbc56,original,javascript,0,30,9,files.javascript.rules.browser.security.insecure-innerhtml,User controlled data in a `item.querySelector('.timer_i').innerHTML` is an anti-pattern that can lead to XSS vulnerabilities
ec2118d583229aed623fa891caffbc56,original,javascript,0,31,9,files.javascript.rules.browser.security.insecure-document-method,"User controlled data in methods like `innerHTML`, `outerHTML` or `document.write` is an anti-pattern that can lead to XSS vulnerabilities"
ec2118d583229aed623fa891caffbc56,original,javascript,0,31,9,files.javascript.rules.browser.security.insecure-innerhtml,User controlled data in a `item.querySelector('.timer_s').innerHTML` is an anti-pattern that can lead to XSS vulnerabilities
ec2118d583229aed623fa891caffbc56,original,javascript,0,33,9,files.javascript.rules.browser.security.insecure-document-method,"User controlled data in methods like `innerHTML`, `outerHTML` or `document.write` is an anti-pattern that can lead to XSS vulnerabilities"
ec2118d583229aed623fa891caffbc56,original,javascript,0,33,9,files.javascript.rules.browser.security.insecure-innerhtml,User controlled data in a `item.querySelector('.timer_h').nextElementSibling.innerHTML` is an anti-pattern that can lead to XSS vulnerabilities
ec2118d583229aed623fa891caffbc56,original,javascript,0,34,9,files.javascript.rules.browser.security.insecure-document-method,"User controlled data in methods like `innerHTML`, `outerHTML` or `document.write` is an anti-pattern that can lead to XSS vulnerabilities"
ec2118d583229aed623fa891caffbc56,original,javascript,0,34,9,files.javascript.rules.browser.security.insecure-innerhtml,User controlled data in a `item.querySelector('.timer_i').nextElementSibling.innerHTML` is an anti-pattern that can lead to XSS vulnerabilities
ec2118d583229aed623fa891caffbc56,original,javascript,0,35,9,files.javascript.rules.browser.security.insecure-document-method,"User controlled data in methods like `innerHTML`, `outerHTML` or `document.write` is an anti-pattern that can lead to XSS vulnerabilities"
ec2118d583229aed623fa891caffbc56,original,javascript,0,35,9,files.javascript.rules.browser.security.insecure-innerhtml,User controlled data in a `item.querySelector('.timer_s').nextElementSibling.innerHTML` is an anti-pattern that can lead to XSS vulnerabilities
ec2118d583229aed623fa891caffbc56,original,javascript,0,52,25,files.javascript.rules.browser.security.insecure-document-method,"User controlled data in methods like `innerHTML`, `outerHTML` or `document.write` is an anti-pattern that can lead to XSS vulnerabilities"
ec2118d583229aed623fa891caffbc56,original,javascript,0,52,25,files.javascript.rules.browser.security.insecure-innerhtml,User controlled data in a `item.querySelector('.timer_h').innerHTML` is an anti-pattern that can lead to XSS vulnerabilities
ec2118d583229aed623fa891caffbc56,original,javascript,0,53,25,files.javascript.rules.browser.security.insecure-document-method,"User controlled data in methods like `innerHTML`, `outerHTML` or `document.write` is an anti-pattern that can lead to XSS vulnerabilities"
ec2118d583229aed623fa891caffbc56,original,javascript,0,53,25,files.javascript.rules.browser.security.insecure-innerhtml,User controlled data in a `item.querySelector('.timer_i').innerHTML` is an anti-pattern that can lead to XSS vulnerabilities
ec2118d583229aed623fa891caffbc56,original,javascript,0,54,25,files.javascript.rules.browser.security.insecure-document-method,"User controlled data in methods like `innerHTML`, `outerHTML` or `document.write` is an anti-pattern that can lead to XSS vulnerabilities"
ec2118d583229aed623fa891caffbc56,original,javascript,0,54,25,files.javascript.rules.browser.security.insecure-innerhtml,User controlled data in a `item.querySelector('.timer_s').innerHTML` is an anti-pattern that can lead to XSS vulnerabilities
ec2118d583229aed623fa891caffbc56,original,javascript,0,56,25,files.javascript.rules.browser.security.insecure-document-method,"User controlled data in methods like `innerHTML`, `outerHTML` or `document.write` is an anti-pattern that can lead to XSS vulnerabilities"
ec2118d583229aed623fa891caffbc56,original,javascript,0,56,25,files.javascript.rules.browser.security.insecure-innerhtml,User controlled data in a `item.querySelector('.timer_h').nextElementSibling.innerHTML` is an anti-pattern that can lead to XSS vulnerabilities
ec2118d583229aed623fa891caffbc56,original,javascript,0,57,25,files.javascript.rules.browser.security.insecure-document-method,"User controlled data in methods like `innerHTML`, `outerHTML` or `document.write` is an anti-pattern that can lead to XSS vulnerabilities"
ec2118d583229aed623fa891caffbc56,original,javascript,0,57,25,files.javascript.rules.browser.security.insecure-innerhtml,User controlled data in a `item.querySelector('.timer_i').nextElementSibling.innerHTML` is an anti-pattern that can lead to XSS vulnerabilities
ec2118d583229aed623fa891caffbc56,original,javascript,0,58,25,files.javascript.rules.browser.security.insecure-document-method,"User controlled data in methods like `innerHTML`, `outerHTML` or `document.write` is an anti-pattern that can lead to XSS vulnerabilities"
ec2118d583229aed623fa891caffbc56,original,javascript,0,58,25,files.javascript.rules.browser.security.insecure-innerhtml,User controlled data in a `item.querySelector('.timer_s').nextElementSibling.innerHTML` is an anti-pattern that can lead to XSS vulnerabilities
ec2118d583229aed623fa891caffbc56,original,javascript,0,67,25,files.javascript.rules.browser.security.insecure-document-method,"User controlled data in methods like `innerHTML`, `outerHTML` or `document.write` is an anti-pattern that can lead to XSS vulnerabilities"
ec2118d583229aed623fa891caffbc56,original,javascript,0,67,25,files.javascript.rules.browser.security.insecure-innerhtml,User controlled data in a `item.closest('.product_page').querySelector('.current_bet span').innerHTML` is an anti-pattern that can lead to XSS vulnerabilities
ec2118d583229aed623fa891caffbc56,original,javascript,0,68,25,files.javascript.rules.browser.security.insecure-document-method,"User controlled data in methods like `innerHTML`, `outerHTML` or `document.write` is an anti-pattern that can lead to XSS vulnerabilities"
ec2118d583229aed623fa891caffbc56,original,javascript,0,68,25,files.javascript.rules.browser.security.insecure-innerhtml,User controlled data in a `item.closest('.product_page').querySelector('.bet_count span').innerHTML` is an anti-pattern that can lead to XSS vulnerabilities
ec2118d583229aed623fa891caffbc56,original,javascript,0,70,21,files.javascript.rules.browser.security.insecure-document-method,"User controlled data in methods like `innerHTML`, `outerHTML` or `document.write` is an anti-pattern that can lead to XSS vulnerabilities"
ec2118d583229aed623fa891caffbc56,original,javascript,0,70,21,files.javascript.rules.browser.security.insecure-innerhtml,User controlled data in a `item.nextElementSibling.innerHTML` is an anti-pattern that can lead to XSS vulnerabilities
ec2ecaa00a49cbf3bc42e93c8594f0ac,original,javascript,2,33,48,files.javascript.rules.lang.security.audit.path-traversal.path-join-resolve-traversal,"Detected possible user input going into a `path.join` or `path.resolve` function. This could possibly lead to a path traversal vulnerability,  where the attacker can access arbitrary files stored in the file system. Instead, be sure to sanitize or validate user input first."
ec2ecaa00a49cbf3bc42e93c8594f0ac,original,javascript,2,37,37,files.javascript.rules.lang.security.audit.path-traversal.path-join-resolve-traversal,"Detected possible user input going into a `path.join` or `path.resolve` function. This could possibly lead to a path traversal vulnerability,  where the attacker can access arbitrary files stored in the file system. Instead, be sure to sanitize or validate user input first."
ec2ecaa00a49cbf3bc42e93c8594f0ac,original,javascript,2,44,42,files.javascript.rules.lang.security.audit.path-traversal.path-join-resolve-traversal,"Detected possible user input going into a `path.join` or `path.resolve` function. This could possibly lead to a path traversal vulnerability,  where the attacker can access arbitrary files stored in the file system. Instead, be sure to sanitize or validate user input first."
ec2ecaa00a49cbf3bc42e93c8594f0ac,original,javascript,2,44,74,files.javascript.rules.lang.security.audit.path-traversal.path-join-resolve-traversal,"Detected possible user input going into a `path.join` or `path.resolve` function. This could possibly lead to a path traversal vulnerability,  where the attacker can access arbitrary files stored in the file system. Instead, be sure to sanitize or validate user input first."
ec759058ac22cea92e348b08882560ff,original,javascript,0,12,9,files.javascript.rules.lang.security.html-in-template-string,"This template literal looks like HTML and has interpolated variables. These variables are not HTML-encoded by default. If the variables contain HTML tags, these may be interpreted by the browser, resulting in cross-site scripting (XSS)."
ecbd76caa0a1f8c21e479b86a4d9a5be,original,javascript,2,15,11,files.javascript.rules.puppeteer.security.audit.puppeteer-goto-injection,If unverified user data can reach the `goto` method it can result in Server-Side Request Forgery vulnerabilities
ecbd76caa0a1f8c21e479b86a4d9a5be,original,javascript,2,40,15,files.javascript.rules.puppeteer.security.audit.puppeteer-goto-injection,If unverified user data can reach the `goto` method it can result in Server-Side Request Forgery vulnerabilities
ed92d6aae162293bc3b0757ecb680804,original,javascript,0,3,7,files.javascript.rules.express.security.audit.express-check-csurf-middleware-usage,A CSRF middleware was not detected in your express application. Ensure you are either using one such as `csurf` or `csrf` (see rule references) and/or you are properly doing CSRF validation in your routes with a token or cookies.
eda98d9b9f49e5d24dd979d3d8eb18cd,original,javascript,2,8,7,files.javascript.rules.express.security.audit.express-check-csurf-middleware-usage,A CSRF middleware was not detected in your express application. Ensure you are either using one such as `csurf` or `csrf` (see rule references) and/or you are properly doing CSRF validation in your routes with a token or cookies.
f2aaffea58b70445ba519ccf2372e605,original,javascript,2,2,7,files.javascript.rules.express.security.audit.express-check-csurf-middleware-usage,A CSRF middleware was not detected in your express application. Ensure you are either using one such as `csurf` or `csrf` (see rule references) and/or you are properly doing CSRF validation in your routes with a token or cookies.
f70f171081d6ecf4b3863b0fbb7577c3,original,javascript,1,6,12,files.javascript.rules.express.security.audit.express-check-csurf-middleware-usage,A CSRF middleware was not detected in your express application. Ensure you are either using one such as `csurf` or `csrf` (see rule references) and/or you are properly doing CSRF validation in your routes with a token or cookies.
f8fb385ade7de3b618cdee02010428d8,original,javascript,0,19,21,files.javascript.rules.browser.security.insecure-document-method,"User controlled data in methods like `innerHTML`, `outerHTML` or `document.write` is an anti-pattern that can lead to XSS vulnerabilities"
f8fb385ade7de3b618cdee02010428d8,original,javascript,0,19,21,files.javascript.rules.browser.security.insecure-innerhtml,User controlled data in a `para.innerHTML` is an anti-pattern that can lead to XSS vulnerabilities
f8fb385ade7de3b618cdee02010428d8,original,javascript,0,23,21,files.javascript.rules.browser.security.insecure-document-method,"User controlled data in methods like `innerHTML`, `outerHTML` or `document.write` is an anti-pattern that can lead to XSS vulnerabilities"
f8fb385ade7de3b618cdee02010428d8,original,javascript,0,23,21,files.javascript.rules.browser.security.insecure-innerhtml,User controlled data in a `para.innerHTML` is an anti-pattern that can lead to XSS vulnerabilities
f8fb385ade7de3b618cdee02010428d8,original,javascript,0,36,9,files.javascript.rules.browser.security.insecure-document-method,"User controlled data in methods like `innerHTML`, `outerHTML` or `document.write` is an anti-pattern that can lead to XSS vulnerabilities"
f8fb385ade7de3b618cdee02010428d8,original,javascript,0,36,9,files.javascript.rules.browser.security.insecure-innerhtml,User controlled data in a `para.innerHTML` is an anti-pattern that can lead to XSS vulnerabilities
f8fb385ade7de3b618cdee02010428d8,original,javascript,2,15,21,files.javascript.rules.browser.security.insecure-document-method,"User controlled data in methods like `innerHTML`, `outerHTML` or `document.write` is an anti-pattern that can lead to XSS vulnerabilities"
f8fb385ade7de3b618cdee02010428d8,original,javascript,2,15,21,files.javascript.rules.browser.security.insecure-innerhtml,User controlled data in a `para.innerHTML` is an anti-pattern that can lead to XSS vulnerabilities
f8fb385ade7de3b618cdee02010428d8,original,javascript,2,19,21,files.javascript.rules.browser.security.insecure-document-method,"User controlled data in methods like `innerHTML`, `outerHTML` or `document.write` is an anti-pattern that can lead to XSS vulnerabilities"
f8fb385ade7de3b618cdee02010428d8,original,javascript,2,19,21,files.javascript.rules.browser.security.insecure-innerhtml,User controlled data in a `para.innerHTML` is an anti-pattern that can lead to XSS vulnerabilities
f8fb385ade7de3b618cdee02010428d8,original,javascript,2,30,9,files.javascript.rules.browser.security.insecure-document-method,"User controlled data in methods like `innerHTML`, `outerHTML` or `document.write` is an anti-pattern that can lead to XSS vulnerabilities"
f8fb385ade7de3b618cdee02010428d8,original,javascript,2,30,9,files.javascript.rules.browser.security.insecure-innerhtml,User controlled data in a `para.innerHTML` is an anti-pattern that can lead to XSS vulnerabilities
faf87d220542ed84f4c368c97a92d229,original,javascript,1,5,9,files.javascript.rules.browser.security.insecure-document-method,"User controlled data in methods like `innerHTML`, `outerHTML` or `document.write` is an anti-pattern that can lead to XSS vulnerabilities"
faf87d220542ed84f4c368c97a92d229,original,javascript,1,5,9,files.javascript.rules.browser.security.insecure-innerhtml,User controlled data in a `infoDiv.innerHTML` is an anti-pattern that can lead to XSS vulnerabilities
faf87d220542ed84f4c368c97a92d229,original,javascript,1,16,5,files.javascript.rules.browser.security.insecure-document-method,"User controlled data in methods like `innerHTML`, `outerHTML` or `document.write` is an anti-pattern that can lead to XSS vulnerabilities"
faf87d220542ed84f4c368c97a92d229,original,javascript,1,16,5,files.javascript.rules.browser.security.insecure-innerhtml,User controlled data in a `paintingDiv.innerHTML` is an anti-pattern that can lead to XSS vulnerabilities
fc882780bd640e51f48d979a3cbbf6ad,original,javascript,4,4,7,files.javascript.rules.express.security.audit.express-check-csurf-middleware-usage,A CSRF middleware was not detected in your express application. Ensure you are either using one such as `csurf` or `csrf` (see rule references) and/or you are properly doing CSRF validation in your routes with a token or cookies.
fc882780bd640e51f48d979a3cbbf6ad,original,javascript,4,41,9,files.javascript.rules.express.security.audit.remote-property-injection,"Bracket object notation with user input is present, this might allow an attacker to access all properties of the object and even it's prototype. Use literal values for object properties."
fe68c5ca8fc23a3aa6ec66a8d2efa5fe,original,javascript,2,1,31,files.javascript.rules.lang.security.detect-insecure-websocket,Insecure WebSocket Detected. WebSocket Secure (wss) should be used for all WebSocket connections.
507db341abeaa17cfb5795ba874f1cb8,original,php,1,31,9,files.php.rules.lang.security.injection.echoed-request,`Echo`ing user input risks cross-site scripting vulnerability. You should use `htmlentities()` when showing data to users.
5d2696d5487b2d175ceac9999872263d,original,php,2,3,5,files.php.rules.lang.security.php-ssrf,"The web server receives a URL or similar request from an upstream component and retrieves the contents of this URL, but it does not sufficiently ensure that the request is being sent to the expected destination. Dangerous function file_get_contents with payload $_POST['url']"
5d2696d5487b2d175ceac9999872263d,original,php,2,4,35,files.php.rules.lang.security.injection.tainted-filename,File name based on user input risks server-side request forgery.
5d2696d5487b2d175ceac9999872263d,original,php,2,5,5,files.php.rules.lang.security.injection.echoed-request,`Echo`ing user input risks cross-site scripting vulnerability. You should use `htmlentities()` when showing data to users.
71a32a65dae8551159a37f69c8747c84,original,php,0,30,9,files.php.rules.lang.security.injection.echoed-request,`Echo`ing user input risks cross-site scripting vulnerability. You should use `htmlentities()` when showing data to users.
94efc9bfc11b031ed5cf2bc0a09455d0,original,php,0,11,5,files.php.rules.lang.security.exec-use,Executing non-constant commands. This can lead to command injection.
94efc9bfc11b031ed5cf2bc0a09455d0,original,php,0,11,15,files.php.rules.lang.security.tainted-exec,Executing non-constant commands. This can lead to command injection. You should use `escapeshellarg()` when using command.
94efc9bfc11b031ed5cf2bc0a09455d0,original,php,0,14,5,files.php.rules.lang.security.injection.echoed-request,`Echo`ing user input risks cross-site scripting vulnerability. You should use `htmlentities()` when showing data to users.
ba591a610a942431a5ced40a6dd1ce84,original,php,3,10,5,files.php.rules.lang.security.exec-use,Executing non-constant commands. This can lead to command injection.
ba591a610a942431a5ced40a6dd1ce84,original,php,3,16,46,files.php.rules.lang.security.injection.tainted-filename,File name based on user input risks server-side request forgery.
ba591a610a942431a5ced40a6dd1ce84,original,php,3,17,18,files.php.rules.lang.security.injection.tainted-filename,File name based on user input risks server-side request forgery.
ba591a610a942431a5ced40a6dd1ce84,original,php,3,20,9,files.php.rules.lang.security.unlink-use,Using user input when deleting files with `unlink()` is potentially dangerous. A malicious actor could use this to modify or access files they have no right to.
ba591a610a942431a5ced40a6dd1ce84,original,php,3,20,16,files.php.rules.lang.security.injection.tainted-filename,File name based on user input risks server-side request forgery.
ba591a610a942431a5ced40a6dd1ce84,original,php,3,21,9,files.php.rules.lang.security.unlink-use,Using user input when deleting files with `unlink()` is potentially dangerous. A malicious actor could use this to modify or access files they have no right to.
ba591a610a942431a5ced40a6dd1ce84,original,php,3,21,16,files.php.rules.lang.security.injection.tainted-filename,File name based on user input risks server-side request forgery.
d6f8a442f1e477b1655127edc3c56a63,original,php,0,53,13,files.php.rules.lang.security.injection.echoed-request,`Echo`ing user input risks cross-site scripting vulnerability. You should use `htmlentities()` when showing data to users.
0050802a1c66cf6ed3b8749c28d9f5ed,original,python,1,4,19,files.python.rules.lang.security.insecure-hash-algorithm-md5,Detected MD5 hash algorithm which is considered insecure. MD5 is not collision resistant and is therefore not suitable as a cryptographic signature. Use SHA256 or SHA3 instead.
03f1d75fc1c3b18e809d5f19b3eda9c8,original,python,0,22,5,files.python.rules.flask.security.audit.debug-enabled,"Detected Flask app with debug=True. Do not deploy to production with this flag enabled as it will leak sensitive information. Instead, consider using Flask configuration variables or setting 'debug' using system environment variables."
050da46038e6350c4ba5296eb731435c,original,python,1,5,29,files.python.rules.lang.security.audit.insecure-transport.requests.request-with-http,"Detected a request using 'http://'. This request will be unencrypted, and attackers could listen into traffic on the network and be able to obtain sensitive information. Use 'https://' instead."
052d2c21b8d8e74402aefc29ce1d87c8,original,python,0,19,14,files.python.rules.lang.security.audit.dangerous-subprocess-use-audit,"Detected subprocess function 'run' without a static string. If this data can be controlled by a malicious actor, it may be an instance of command injection. Audit the use of this call to ensure it is not controllable by an external resource. You may consider using 'shlex.escape()'."
058f33787f8ac4b9cfabcb0e316c4eae,original,python,0,8,18,files.python.rules.lang.security.audit.dangerous-subprocess-use-audit,"Detected subprocess function 'run' without a static string. If this data can be controlled by a malicious actor, it may be an instance of command injection. Audit the use of this call to ensure it is not controllable by an external resource. You may consider using 'shlex.escape()'."
06143c856e381aaa1a17cc9f1ea32d01,original,python,0,3,1,files.python.rules.lang.security.use-defused-xml,"The Python documentation recommends using `defusedxml` instead of `xml` because the native Python `xml` library is vulnerable to XML External Entity (XXE) attacks. These attacks can leak confidential data and ""XML bombs"" can cause denial of service."
06143c856e381aaa1a17cc9f1ea32d01,original,python,0,54,16,files.python.rules.lang.security.use-defused-xml-parse,"The native Python `xml` library is vulnerable to XML External Entity (XXE) attacks.  These attacks can leak confidential data and ""XML bombs"" can cause denial of service. Do not use this library to parse untrusted input. Instead  the Python documentation recommends using `defusedxml`."
065afce64c1e5e56254f10a191190575,original,python,0,21,13,files.python.rules.lang.security.audit.dangerous-system-call-audit,"Found dynamic content used in a system call. This is dangerous if external data can reach this function call because it allows a malicious actor to execute commands. Use the 'subprocess' module instead, which is easier to use without accidentally exposing a command injection vulnerability."
0769d62db34cc1ed2933b95fc5f3096f,original,python,0,59,19,files.python.rules.lang.security.audit.dangerous-subprocess-use-audit,"Detected subprocess function 'Popen' without a static string. If this data can be controlled by a malicious actor, it may be an instance of command injection. Audit the use of this call to ensure it is not controllable by an external resource. You may consider using 'shlex.escape()'."
0769d62db34cc1ed2933b95fc5f3096f,original,python,0,59,51,files.python.rules.lang.security.audit.subprocess-shell-true,"Found 'subprocess' function 'Popen' with 'shell=True'. This is dangerous because this call will spawn the command using a shell process. Doing so propagates current shell settings and variables, which makes it much easier for a malicious actor to execute commands. Use 'shell=False' instead."
07c83a370a3ec3bf5b68d123318d34bc,original,python,3,19,5,files.python.rules.lang.security.audit.dangerous-subprocess-use-audit,"Detected subprocess function 'Popen' without a static string. If this data can be controlled by a malicious actor, it may be an instance of command injection. Audit the use of this call to ensure it is not controllable by an external resource. You may consider using 'shlex.escape()'."
07c83a370a3ec3bf5b68d123318d34bc,original,python,3,19,22,files.python.rules.lang.security.dangerous-subprocess-use,Detected subprocess function 'stream_video' with user controlled data. A malicious actor could leverage this to perform command injection. You may consider using 'shlex.escape()'.
07c83a370a3ec3bf5b68d123318d34bc,original,python,3,23,5,files.python.rules.flask.security.audit.debug-enabled,"Detected Flask app with debug=True. Do not deploy to production with this flag enabled as it will leak sensitive information. Instead, consider using Flask configuration variables or setting 'debug' using system environment variables."
07ec9514baa959d7cdc273552e787175,original,python,0,19,5,files.python.rules.django.security.injection.code.user-exec,"Found user data in a call to 'exec'. This is extremely dangerous because it can enable an attacker to execute arbitrary remote code on the system. Instead, refactor your code to not use 'eval' and instead use a safe library for the specific functionality you need."
07ec9514baa959d7cdc273552e787175,original,python,0,22,9,files.python.rules.flask.security.injection.exec-injection,Detected user data flowing into exec. This is code injection and should be avoided.
07ec9514baa959d7cdc273552e787175,original,python,0,22,9,files.python.rules.lang.security.audit.exec-detected,"Detected the use of exec(). exec() can be dangerous if used to evaluate dynamic content. If this content can be input from outside the program, this may be a code injection vulnerability. Ensure evaluated content is not definable by external sources."
07ec9514baa959d7cdc273552e787175,original,python,0,38,5,files.python.rules.django.security.injection.path-traversal.path-traversal-open,"Found request data in a call to 'open'. Ensure the request data is validated or sanitized, otherwise it could result in path traversal attacks and therefore sensitive data being leaked. To mitigate, consider using os.path.abspath or os.path.realpath or the pathlib library."
07ec9514baa959d7cdc273552e787175,original,python,0,40,10,files.python.rules.flask.security.injection.path-traversal-open,"Found request data in a call to 'open'. Ensure the request data is validated or sanitized, otherwise it could result in path traversal attacks."
07ec9514baa959d7cdc273552e787175,original,python,0,63,12,files.python.rules.django.security.injection.raw-html-format,"Detected user input flowing into a manually constructed HTML string. You may be accidentally bypassing secure methods of rendering HTML by manually constructing HTML and this could create a cross-site scripting vulnerability, which could let attackers steal sensitive user data. To be sure this is safe, check that the HTML is rendered safely. Otherwise, use templates (`django.shortcuts.render`) which will safely render HTML instead."
07ec9514baa959d7cdc273552e787175,original,python,0,63,12,files.python.rules.flask.security.injection.raw-html-format,"Detected user input flowing into a manually constructed HTML string. You may be accidentally bypassing secure methods of rendering HTML by manually constructing HTML and this could create a cross-site scripting vulnerability, which could let attackers steal sensitive user data. To be sure this is safe, check that the HTML is rendered safely. Otherwise, use templates (`flask.render_template`) which will safely render HTML instead."
07ec9514baa959d7cdc273552e787175,original,python,0,67,5,files.python.rules.flask.security.audit.avoid_app_run_with_bad_host,Running flask app with host 0.0.0.0 could expose the server publicly.
07ec9514baa959d7cdc273552e787175,original,python,0,67,5,files.python.rules.flask.security.audit.debug-enabled,"Detected Flask app with debug=True. Do not deploy to production with this flag enabled as it will leak sensitive information. Instead, consider using Flask configuration variables or setting 'debug' using system environment variables."
07f2e5fdcaff4d9018597aee6c217079,original,python,0,70,5,files.python.rules.flask.security.audit.avoid_app_run_with_bad_host,Running flask app with host 0.0.0.0 could expose the server publicly.
07f2e5fdcaff4d9018597aee6c217079,original,python,2,4,25,files.python.rules.lang.security.audit.insecure-transport.requests.request-with-http,"Detected a request using 'http://'. This request will be unencrypted, and attackers could listen into traffic on the network and be able to obtain sensitive information. Use 'https://' instead."
08b441c163dcf5eb48a4415e716d8a62,original,python,3,10,5,files.python.rules.flask.security.audit.avoid_app_run_with_bad_host,Running flask app with host 0.0.0.0 could expose the server publicly.
08ec99bc070d103265dfab051810f3ba,original,python,2,68,5,files.python.rules.flask.security.audit.debug-enabled,"Detected Flask app with debug=True. Do not deploy to production with this flag enabled as it will leak sensitive information. Instead, consider using Flask configuration variables or setting 'debug' using system environment variables."
0ae964b029c318c6fc5f5fbf1c63d0d4,original,python,0,21,5,files.python.rules.flask.security.audit.debug-enabled,"Detected Flask app with debug=True. Do not deploy to production with this flag enabled as it will leak sensitive information. Instead, consider using Flask configuration variables or setting 'debug' using system environment variables."
0ae964b029c318c6fc5f5fbf1c63d0d4,original,python,5,4,4,files.python.rules.flask.security.audit.avoid_using_app_run_directly,"top-level app.run(...) is ignored by flask. Consider putting app.run(...) behind a guard, like inside a function"
0b242222bc5375b8cacdf419f90b9c8c,original,python,0,52,22,files.python.rules.lang.security.audit.dangerous-subprocess-use-audit,"Detected subprocess function 'check_output' without a static string. If this data can be controlled by a malicious actor, it may be an instance of command injection. Audit the use of this call to ensure it is not controllable by an external resource. You may consider using 'shlex.escape()'."
0b242222bc5375b8cacdf419f90b9c8c,original,python,0,52,61,files.python.rules.lang.security.audit.subprocess-shell-true,"Found 'subprocess' function 'check_output' with 'shell=True'. This is dangerous because this call will spawn the command using a shell process. Doing so propagates current shell settings and variables, which makes it much easier for a malicious actor to execute commands. Use 'shell=False' instead."
0b798c9c171b72164d39f21a8035c258,original,python,0,3,1,files.python.rules.lang.security.use-defused-xml,"The Python documentation recommends using `defusedxml` instead of `xml` because the native Python `xml` library is vulnerable to XML External Entity (XXE) attacks. These attacks can leak confidential data and ""XML bombs"" can cause denial of service."
0b798c9c171b72164d39f21a8035c258,original,python,0,57,16,files.python.rules.lang.security.use-defused-xml-parse,"The native Python `xml` library is vulnerable to XML External Entity (XXE) attacks.  These attacks can leak confidential data and ""XML bombs"" can cause denial of service. Do not use this library to parse untrusted input. Instead  the Python documentation recommends using `defusedxml`."
0c211f9991df4cc34cd7c8d90d050ec0,original,python,0,6,16,files.python.rules.lang.security.insecure-hash-algorithm-md5,Detected MD5 hash algorithm which is considered insecure. MD5 is not collision resistant and is therefore not suitable as a cryptographic signature. Use SHA256 or SHA3 instead.
0cb78168c15480ef5bafb4e92e3f603d,original,python,1,15,29,files.python.rules.lang.security.audit.insecure-transport.requests.request-with-http,"Detected a request using 'http://'. This request will be unencrypted, and attackers could listen into traffic on the network and be able to obtain sensitive information. Use 'https://' instead."
0f2aee9f1a95e1d6618f3249070da5d1,original,python,1,29,5,files.python.rules.flask.security.audit.avoid_app_run_with_bad_host,Running flask app with host 0.0.0.0 could expose the server publicly.
0f2aee9f1a95e1d6618f3249070da5d1,original,python,1,29,5,files.python.rules.flask.security.audit.debug-enabled,"Detected Flask app with debug=True. Do not deploy to production with this flag enabled as it will leak sensitive information. Instead, consider using Flask configuration variables or setting 'debug' using system environment variables."
10735e93a339e05b57ec4ba2015da22d,original,python,1,26,5,files.python.rules.flask.security.audit.debug-enabled,"Detected Flask app with debug=True. Do not deploy to production with this flag enabled as it will leak sensitive information. Instead, consider using Flask configuration variables or setting 'debug' using system environment variables."
1218c2a6df88565f9b6e306c63a9edbc,original,python,1,18,5,files.python.rules.flask.security.injection.subprocess-injection,"Detected user input entering a `subprocess` call unsafely. This could result in a command injection vulnerability. An attacker could use this vulnerability to execute arbitrary commands on the host, which allows them to download malware, scan sensitive data, or run any command they wish on the server. Do not let users choose the command to run. In general, prefer to use Python API versions of system commands. If you must use subprocess, use a dictionary to allowlist a set of commands."
1218c2a6df88565f9b6e306c63a9edbc,original,python,1,18,5,files.python.rules.lang.security.audit.dangerous-subprocess-use-audit,"Detected subprocess function 'run' without a static string. If this data can be controlled by a malicious actor, it may be an instance of command injection. Audit the use of this call to ensure it is not controllable by an external resource. You may consider using 'shlex.escape()'."
1218c2a6df88565f9b6e306c63a9edbc,original,python,1,18,20,files.python.rules.lang.security.dangerous-subprocess-use,Detected subprocess function 'run' with user controlled data. A malicious actor could leverage this to perform command injection. You may consider using 'shlex.escape()'.
1218c2a6df88565f9b6e306c63a9edbc,original,python,1,18,35,files.python.rules.lang.security.audit.subprocess-shell-true,"Found 'subprocess' function 'run' with 'shell=True'. This is dangerous because this call will spawn the command using a shell process. Doing so propagates current shell settings and variables, which makes it much easier for a malicious actor to execute commands. Use 'shell=False' instead."
1218c2a6df88565f9b6e306c63a9edbc,original,python,1,23,5,files.python.rules.flask.security.audit.debug-enabled,"Detected Flask app with debug=True. Do not deploy to production with this flag enabled as it will leak sensitive information. Instead, consider using Flask configuration variables or setting 'debug' using system environment variables."
171480342ad539977043feccee0cc2ce,original,python,1,9,13,files.python.rules.lang.security.audit.dangerous-subprocess-use-audit,"Detected subprocess function 'check_output' without a static string. If this data can be controlled by a malicious actor, it may be an instance of command injection. Audit the use of this call to ensure it is not controllable by an external resource. You may consider using 'shlex.escape()'."
18d805a9e98f470e46a347cb108fef21,original,python,1,39,5,files.python.rules.flask.security.audit.debug-enabled,"Detected Flask app with debug=True. Do not deploy to production with this flag enabled as it will leak sensitive information. Instead, consider using Flask configuration variables or setting 'debug' using system environment variables."
1b78ba0657f6b2d4597af69487fcbf90,original,python,0,47,39,files.python.rules.lang.security.audit.eval-detected,"Detected the use of eval(). eval() can be dangerous if used to evaluate dynamic content. If this content can be input from outside the program, this may be a code injection vulnerability. Ensure evaluated content is not definable by external sources."
1f68d03defa261c18bff815ec0a13069,original,python,0,34,18,files.python.rules.lang.security.use-defusedcsv,"Detected the generation of a CSV file using the built-in `csv` module. If user data is used to generate the data in this file, it is possible that an attacker could inject a formula when the CSV is imported into a spreadsheet application that runs an attacker script, which could steal data from the importing user or, at worst, install malware on the user's computer. `defusedcsv` is a drop-in replacement with the same API that will attempt to mitigate formula injection attempts. You can use `defusedcsv` instead of `csv` to safely generate CSVs."
1fa5e946bea7e0d7068751cf17dbc1cd,original,python,0,8,25,files.python.rules.lang.security.deserialization.avoid-pickle,"Avoid using `pickle`, which is known to lead to code execution vulnerabilities. When unpickling, the serialized data could be manipulated to run arbitrary code. Instead, consider serializing the relevant data as JSON or a similar text-based serialization format."
1fa5e946bea7e0d7068751cf17dbc1cd,original,python,0,32,5,files.python.rules.lang.security.deserialization.avoid-pickle,"Avoid using `pickle`, which is known to lead to code execution vulnerabilities. When unpickling, the serialized data could be manipulated to run arbitrary code. Instead, consider serializing the relevant data as JSON or a similar text-based serialization format."
20c2407e94f3fc0408321444bc225890,original,python,2,11,8,files.python.rules.lang.security.audit.dangerous-subprocess-use-audit,"Detected subprocess function 'run' without a static string. If this data can be controlled by a malicious actor, it may be an instance of command injection. Audit the use of this call to ensure it is not controllable by an external resource. You may consider using 'shlex.escape()'."
2181473d756735614667095650792403,original,python,0,39,19,files.python.rules.lang.security.audit.dangerous-subprocess-use-audit,"Detected subprocess function 'Popen' without a static string. If this data can be controlled by a malicious actor, it may be an instance of command injection. Audit the use of this call to ensure it is not controllable by an external resource. You may consider using 'shlex.escape()'."
2181473d756735614667095650792403,original,python,0,39,47,files.python.rules.lang.security.audit.subprocess-shell-true,"Found 'subprocess' function 'Popen' with 'shell=True'. This is dangerous because this call will spawn the command using a shell process. Doing so propagates current shell settings and variables, which makes it much easier for a malicious actor to execute commands. Use 'shell=False' instead."
218217fd88745f76ad4ae9ad5123f6eb,original,python,0,75,23,files.python.rules.lang.security.use-defusedcsv,"Detected the generation of a CSV file using the built-in `csv` module. If user data is used to generate the data in this file, it is possible that an attacker could inject a formula when the CSV is imported into a spreadsheet application that runs an attacker script, which could steal data from the importing user or, at worst, install malware on the user's computer. `defusedcsv` is a drop-in replacement with the same API that will attempt to mitigate formula injection attempts. You can use `defusedcsv` instead of `csv` to safely generate CSVs."
2246c8f8750b898bc60d4866f148a31f,original,python,0,10,20,files.python.rules.requests.security.disabled-cert-validation,Certificate verification has been explicitly disabled. This permits insecure connections to insecure servers. Re-enable certification validation.
226ace372ea506e678b19de825dc1d4f,original,python,0,57,5,files.python.rules.flask.security.audit.debug-enabled,"Detected Flask app with debug=True. Do not deploy to production with this flag enabled as it will leak sensitive information. Instead, consider using Flask configuration variables or setting 'debug' using system environment variables."
2369ff9a9fbaa703daef9d23a6802779,original,python,0,62,31,files.python.rules.lang.security.deserialization.avoid-pickle,"Avoid using `pickle`, which is known to lead to code execution vulnerabilities. When unpickling, the serialized data could be manipulated to run arbitrary code. Instead, consider serializing the relevant data as JSON or a similar text-based serialization format."
244ac7321a7638711b58c0f01e295fa8,original,python,0,60,21,files.python.rules.lang.security.use-defusedcsv,"Detected the generation of a CSV file using the built-in `csv` module. If user data is used to generate the data in this file, it is possible that an attacker could inject a formula when the CSV is imported into a spreadsheet application that runs an attacker script, which could steal data from the importing user or, at worst, install malware on the user's computer. `defusedcsv` is a drop-in replacement with the same API that will attempt to mitigate formula injection attempts. You can use `defusedcsv` instead of `csv` to safely generate CSVs."
2496dddae46bbb2211fe73e24e61a6c5,original,python,0,16,18,files.python.rules.lang.security.audit.dynamic-urllib-use-detected,"Detected a dynamic value being used with urllib. urllib supports 'file://' schemes, so a dynamic value controlled by a malicious actor may allow them to read arbitrary files. Audit uses of urllib calls to ensure user data cannot control the URLs, or consider using the 'requests' library instead."
25061dce36d9e9e4f546c79293ce605e,original,python,2,1,1,files.python.rules.lang.security.use-defused-xml,"The Python documentation recommends using `defusedxml` instead of `xml` because the native Python `xml` library is vulnerable to XML External Entity (XXE) attacks. These attacks can leak confidential data and ""XML bombs"" can cause denial of service."
252123cd10f54bbb9141b2edd13a9ef3,original,python,0,17,17,files.python.rules.lang.security.deserialization.avoid-pickle,"Avoid using `pickle`, which is known to lead to code execution vulnerabilities. When unpickling, the serialized data could be manipulated to run arbitrary code. Instead, consider serializing the relevant data as JSON or a similar text-based serialization format."
2530475b9d1c7b915f07e25650648661,original,python,3,10,5,files.python.rules.flask.security.audit.debug-enabled,"Detected Flask app with debug=True. Do not deploy to production with this flag enabled as it will leak sensitive information. Instead, consider using Flask configuration variables or setting 'debug' using system environment variables."
2530475b9d1c7b915f07e25650648661,original,python,5,10,5,files.python.rules.flask.security.audit.debug-enabled,"Detected Flask app with debug=True. Do not deploy to production with this flag enabled as it will leak sensitive information. Instead, consider using Flask configuration variables or setting 'debug' using system environment variables."
2761546fafe579bf61c0c58400cc7efd,original,python,2,48,5,files.python.rules.flask.security.audit.debug-enabled,"Detected Flask app with debug=True. Do not deploy to production with this flag enabled as it will leak sensitive information. Instead, consider using Flask configuration variables or setting 'debug' using system environment variables."
27869b4d1a06e5ed01966ae99211aa7a,original,python,1,9,13,files.python.rules.lang.security.audit.dangerous-subprocess-use-audit,"Detected subprocess function 'check_output' without a static string. If this data can be controlled by a malicious actor, it may be an instance of command injection. Audit the use of this call to ensure it is not controllable by an external resource. You may consider using 'shlex.escape()'."
27dee74dfed81eacfa97086d2473f3a1,original,python,0,7,16,files.python.rules.lang.security.insecure-hash-algorithm-md5,Detected MD5 hash algorithm which is considered insecure. MD5 is not collision resistant and is therefore not suitable as a cryptographic signature. Use SHA256 or SHA3 instead.
2b491257ecf4d2479538f13166c16ac9,original,python,1,50,5,files.python.rules.flask.security.audit.avoid_app_run_with_bad_host,Running flask app with host 0.0.0.0 could expose the server publicly.
2b491257ecf4d2479538f13166c16ac9,original,python,1,50,5,files.python.rules.flask.security.audit.debug-enabled,"Detected Flask app with debug=True. Do not deploy to production with this flag enabled as it will leak sensitive information. Instead, consider using Flask configuration variables or setting 'debug' using system environment variables."
2b491257ecf4d2479538f13166c16ac9,original,python,4,2,8,files.python.rules.flask.security.audit.avoid_app_run_with_bad_host,Running flask app with host 0.0.0.0 could expose the server publicly.
2b775946e5d2f61c39848499297a205f,original,python,0,61,5,files.python.rules.flask.security.audit.debug-enabled,"Detected Flask app with debug=True. Do not deploy to production with this flag enabled as it will leak sensitive information. Instead, consider using Flask configuration variables or setting 'debug' using system environment variables."
2e493552bb4dc3932f76edc39d1845e8,original,python,1,23,5,files.python.rules.flask.security.audit.debug-enabled,"Detected Flask app with debug=True. Do not deploy to production with this flag enabled as it will leak sensitive information. Instead, consider using Flask configuration variables or setting 'debug' using system environment variables."
2f17dbaf56eae2596e862d38d3499022,original,python,0,28,5,files.python.rules.flask.security.audit.debug-enabled,"Detected Flask app with debug=True. Do not deploy to production with this flag enabled as it will leak sensitive information. Instead, consider using Flask configuration variables or setting 'debug' using system environment variables."
2f84f669b2394d07cf576aa5340ac7c9,original,python,0,23,13,files.python.rules.lang.security.audit.dangerous-subprocess-use-audit,"Detected subprocess function 'run' without a static string. If this data can be controlled by a malicious actor, it may be an instance of command injection. Audit the use of this call to ensure it is not controllable by an external resource. You may consider using 'shlex.escape()'."
2ff74926f285750ac82efb6366400831,original,python,0,5,18,files.python.rules.lang.security.audit.eval-detected,"Detected the use of eval(). eval() can be dangerous if used to evaluate dynamic content. If this content can be input from outside the program, this may be a code injection vulnerability. Ensure evaluated content is not definable by external sources."
30c8e8461a03a4872918d8cdfc30bc39,original,python,1,9,13,files.python.rules.lang.security.audit.dangerous-subprocess-use-audit,"Detected subprocess function 'check_output' without a static string. If this data can be controlled by a malicious actor, it may be an instance of command injection. Audit the use of this call to ensure it is not controllable by an external resource. You may consider using 'shlex.escape()'."
31cf95af562ea4c5033a25123da28df6,original,python,0,16,14,files.python.rules.lang.security.use-defusedcsv,"Detected the generation of a CSV file using the built-in `csv` module. If user data is used to generate the data in this file, it is possible that an attacker could inject a formula when the CSV is imported into a spreadsheet application that runs an attacker script, which could steal data from the importing user or, at worst, install malware on the user's computer. `defusedcsv` is a drop-in replacement with the same API that will attempt to mitigate formula injection attempts. You can use `defusedcsv` instead of `csv` to safely generate CSVs."
345556ee5886615633ec4526271da7f1,original,python,0,13,9,files.python.rules.lang.security.audit.dangerous-subprocess-use-audit,"Detected subprocess function 'Popen' without a static string. If this data can be controlled by a malicious actor, it may be an instance of command injection. Audit the use of this call to ensure it is not controllable by an external resource. You may consider using 'shlex.escape()'."
345556ee5886615633ec4526271da7f1,original,python,1,11,5,files.python.rules.lang.security.audit.dangerous-subprocess-use-audit,"Detected subprocess function 'Popen' without a static string. If this data can be controlled by a malicious actor, it may be an instance of command injection. Audit the use of this call to ensure it is not controllable by an external resource. You may consider using 'shlex.escape()'."
35e771af32c98e9a619eb82019854ad4,original,python,1,31,5,files.python.rules.flask.security.audit.debug-enabled,"Detected Flask app with debug=True. Do not deploy to production with this flag enabled as it will leak sensitive information. Instead, consider using Flask configuration variables or setting 'debug' using system environment variables."
36b5e45d3c83accf783d056df1aab0db,original,python,0,5,12,files.python.rules.lang.security.audit.dangerous-subprocess-use-audit,"Detected subprocess function 'check_output' without a static string. If this data can be controlled by a malicious actor, it may be an instance of command injection. Audit the use of this call to ensure it is not controllable by an external resource. You may consider using 'shlex.escape()'."
36b5e45d3c83accf783d056df1aab0db,original,python,0,5,51,files.python.rules.lang.security.audit.subprocess-shell-true,"Found 'subprocess' function 'check_output' with 'shell=True'. This is dangerous because this call will spawn the command using a shell process. Doing so propagates current shell settings and variables, which makes it much easier for a malicious actor to execute commands. Use 'shell=False' instead."
377959d7003cafbdabe3eb218d9a45e2,original,python,0,28,5,files.python.rules.flask.security.audit.debug-enabled,"Detected Flask app with debug=True. Do not deploy to production with this flag enabled as it will leak sensitive information. Instead, consider using Flask configuration variables or setting 'debug' using system environment variables."
387695a0692d74f50503ceffeeaa4780,original,python,1,31,5,files.python.rules.flask.security.audit.debug-enabled,"Detected Flask app with debug=True. Do not deploy to production with this flag enabled as it will leak sensitive information. Instead, consider using Flask configuration variables or setting 'debug' using system environment variables."
39524fdf98db4e396170dba29a809583,original,python,0,52,37,files.python.rules.lang.security.audit.insecure-transport.requests.request-with-http,"Detected a request using 'http://'. This request will be unencrypted, and attackers could listen into traffic on the network and be able to obtain sensitive information. Use 'https://' instead."
39524fdf98db4e396170dba29a809583,original,python,0,74,37,files.python.rules.lang.security.audit.insecure-transport.requests.request-with-http,"Detected a request using 'http://'. This request will be unencrypted, and attackers could listen into traffic on the network and be able to obtain sensitive information. Use 'https://' instead."
39c7d8f6bc229b9077cff43e22a02985,original,python,0,8,29,files.python.rules.lang.security.audit.insecure-transport.requests.request-with-http,"Detected a request using 'http://'. This request will be unencrypted, and attackers could listen into traffic on the network and be able to obtain sensitive information. Use 'https://' instead."
3a1a571990569a2395bf393a3e7d2605,original,python,1,48,5,files.python.rules.flask.security.audit.debug-enabled,"Detected Flask app with debug=True. Do not deploy to production with this flag enabled as it will leak sensitive information. Instead, consider using Flask configuration variables or setting 'debug' using system environment variables."
3aa194f4e3c3478a1d3d5a28eca1662a,original,python,0,25,25,files.python.rules.lang.security.insecure-hash-algorithm-md5,Detected MD5 hash algorithm which is considered insecure. MD5 is not collision resistant and is therefore not suitable as a cryptographic signature. Use SHA256 or SHA3 instead.
3d5b4f248ef3d8bc4e3ea37e63823207,original,python,0,11,17,files.python.rules.lang.security.deserialization.avoid-pickle,"Avoid using `pickle`, which is known to lead to code execution vulnerabilities. When unpickling, the serialized data could be manipulated to run arbitrary code. Instead, consider serializing the relevant data as JSON or a similar text-based serialization format."
3d5f82476f3112760455f9b355146621,original,python,1,8,21,files.python.rules.lang.security.deserialization.avoid-pickle,"Avoid using `pickle`, which is known to lead to code execution vulnerabilities. When unpickling, the serialized data could be manipulated to run arbitrary code. Instead, consider serializing the relevant data as JSON or a similar text-based serialization format."
3dca8fb089f4ba02cab912b049b5edeb,original,python,4,9,1,files.python.rules.flask.security.audit.avoid_hardcoded_config_SECRET_KEY,Hardcoded variable `SECRET_KEY` detected. Use environment variables or config files instead
3dca8fb089f4ba02cab912b049b5edeb,original,python,4,70,5,files.python.rules.flask.security.audit.debug-enabled,"Detected Flask app with debug=True. Do not deploy to production with this flag enabled as it will leak sensitive information. Instead, consider using Flask configuration variables or setting 'debug' using system environment variables."
3e28df4db7ca6653fdae7a22aa5718ed,original,python,0,67,5,files.python.rules.flask.security.audit.avoid_app_run_with_bad_host,Running flask app with host 0.0.0.0 could expose the server publicly.
3eb4fffd79fcd665893ba3b876b95402,original,python,0,29,26,files.python.rules.lang.security.audit.insecure-transport.requests.request-with-http,"Detected a request using 'http://'. This request will be unencrypted, and attackers could listen into traffic on the network and be able to obtain sensitive information. Use 'https://' instead."
3f56f9636c6d265312a0d5111c7e3406,original,python,1,15,29,files.python.rules.lang.security.audit.insecure-transport.requests.request-with-http,"Detected a request using 'http://'. This request will be unencrypted, and attackers could listen into traffic on the network and be able to obtain sensitive information. Use 'https://' instead."
3f571ceeb33c0db9c8eafc75409a5d64,original,python,0,15,30,files.python.rules.lang.security.deserialization.avoid-pickle,"Avoid using `pickle`, which is known to lead to code execution vulnerabilities. When unpickling, the serialized data could be manipulated to run arbitrary code. Instead, consider serializing the relevant data as JSON or a similar text-based serialization format."
404106d6dd6a51a313c8b97f3a794306,original,python,0,68,18,files.python.rules.lang.security.use-defusedcsv,"Detected the generation of a CSV file using the built-in `csv` module. If user data is used to generate the data in this file, it is possible that an attacker could inject a formula when the CSV is imported into a spreadsheet application that runs an attacker script, which could steal data from the importing user or, at worst, install malware on the user's computer. `defusedcsv` is a drop-in replacement with the same API that will attempt to mitigate formula injection attempts. You can use `defusedcsv` instead of `csv` to safely generate CSVs."
40a26b800ee287d88f9e8105d4d0eff6,original,python,0,12,5,files.python.rules.lang.security.deserialization.avoid-pickle,"Avoid using `pickle`, which is known to lead to code execution vulnerabilities. When unpickling, the serialized data could be manipulated to run arbitrary code. Instead, consider serializing the relevant data as JSON or a similar text-based serialization format."
40a26b800ee287d88f9e8105d4d0eff6,original,python,0,16,23,files.python.rules.lang.security.deserialization.avoid-pickle,"Avoid using `pickle`, which is known to lead to code execution vulnerabilities. When unpickling, the serialized data could be manipulated to run arbitrary code. Instead, consider serializing the relevant data as JSON or a similar text-based serialization format."
40a26b800ee287d88f9e8105d4d0eff6,original,python,4,18,5,files.python.rules.lang.security.deserialization.avoid-pickle,"Avoid using `pickle`, which is known to lead to code execution vulnerabilities. When unpickling, the serialized data could be manipulated to run arbitrary code. Instead, consider serializing the relevant data as JSON or a similar text-based serialization format."
40a26b800ee287d88f9e8105d4d0eff6,original,python,5,7,15,files.python.rules.lang.security.deserialization.avoid-pickle,"Avoid using `pickle`, which is known to lead to code execution vulnerabilities. When unpickling, the serialized data could be manipulated to run arbitrary code. Instead, consider serializing the relevant data as JSON or a similar text-based serialization format."
40a26b800ee287d88f9e8105d4d0eff6,original,python,5,20,5,files.python.rules.lang.security.deserialization.avoid-pickle,"Avoid using `pickle`, which is known to lead to code execution vulnerabilities. When unpickling, the serialized data could be manipulated to run arbitrary code. Instead, consider serializing the relevant data as JSON or a similar text-based serialization format."
40bd3bbb791d3271ad9006aa70e60e18,original,python,1,46,8,files.python.rules.flask.security.audit.debug-enabled,"Detected Flask app with debug=True. Do not deploy to production with this flag enabled as it will leak sensitive information. Instead, consider using Flask configuration variables or setting 'debug' using system environment variables."
421396387b9219a67aba1574783e32c6,original,python,0,76,5,files.python.rules.flask.security.audit.debug-enabled,"Detected Flask app with debug=True. Do not deploy to production with this flag enabled as it will leak sensitive information. Instead, consider using Flask configuration variables or setting 'debug' using system environment variables."
421396387b9219a67aba1574783e32c6,original,python,4,33,5,files.python.rules.flask.security.audit.debug-enabled,"Detected Flask app with debug=True. Do not deploy to production with this flag enabled as it will leak sensitive information. Instead, consider using Flask configuration variables or setting 'debug' using system environment variables."
4313db1e0e977be0d90d16f3c9385534,original,python,0,18,5,files.python.rules.flask.security.audit.avoid_app_run_with_bad_host,Running flask app with host 0.0.0.0 could expose the server publicly.
4482f4c1c9562822525e749e87da5bf9,original,python,0,7,15,files.python.rules.sqlalchemy.security.sqlalchemy-execute-raw-query,"Avoiding SQL string concatenation: untrusted input concatenated with raw SQL query can result in SQL Injection. In order to execute raw query safely, prepared statement should be used. SQLAlchemy provides TextualSQL to easily used prepared statement with named parameters. For complex SQL composition, use SQL Expression Language or Schema Definition Language. In most cases, SQLAlchemy ORM will be a better option."
4482f4c1c9562822525e749e87da5bf9,original,python,1,14,15,files.python.rules.sqlalchemy.security.sqlalchemy-execute-raw-query,"Avoiding SQL string concatenation: untrusted input concatenated with raw SQL query can result in SQL Injection. In order to execute raw query safely, prepared statement should be used. SQLAlchemy provides TextualSQL to easily used prepared statement with named parameters. For complex SQL composition, use SQL Expression Language or Schema Definition Language. In most cases, SQLAlchemy ORM will be a better option."
44f2ffb86933115e278259da06573e78,original,python,6,51,9,files.python.rules.django.security.audit.unvalidated-password,The password on 'request.user' is being set without validating the password. Call django.contrib.auth.password_validation.validate_password() with validation functions before setting the password. See https://docs.djangoproject.com/en/3.0/topics/auth/passwords/ for more information.
45103a3d1e8835f14eb515cc3d5b97ca,original,python,3,24,9,files.python.rules.lang.security.audit.dangerous-subprocess-use-audit,"Detected subprocess function 'run' without a static string. If this data can be controlled by a malicious actor, it may be an instance of command injection. Audit the use of this call to ensure it is not controllable by an external resource. You may consider using 'shlex.escape()'."
458259f12b769d25783c495c233a24d1,original,python,3,40,5,files.python.rules.flask.security.audit.debug-enabled,"Detected Flask app with debug=True. Do not deploy to production with this flag enabled as it will leak sensitive information. Instead, consider using Flask configuration variables or setting 'debug' using system environment variables."
468b773f65361bbde16f978f67f21179,original,python,0,11,44,files.python.rules.lang.security.deserialization.avoid-pickle,"Avoid using `pickle`, which is known to lead to code execution vulnerabilities. When unpickling, the serialized data could be manipulated to run arbitrary code. Instead, consider serializing the relevant data as JSON or a similar text-based serialization format."
490a5760443935ae9eab5726fe0ba036,original,python,1,26,5,files.python.rules.flask.security.audit.debug-enabled,"Detected Flask app with debug=True. Do not deploy to production with this flag enabled as it will leak sensitive information. Instead, consider using Flask configuration variables or setting 'debug' using system environment variables."
491059f720125a9bff55a6af8947a76d,original,python,1,22,10,files.python.rules.lang.security.audit.eval-detected,"Detected the use of eval(). eval() can be dangerous if used to evaluate dynamic content. If this content can be input from outside the program, this may be a code injection vulnerability. Ensure evaluated content is not definable by external sources."
49e5efc802c5f0b162e7f6f6d5fb5b4b,original,python,2,14,8,files.python.rules.flask.security.audit.debug-enabled,"Detected Flask app with debug=True. Do not deploy to production with this flag enabled as it will leak sensitive information. Instead, consider using Flask configuration variables or setting 'debug' using system environment variables."
4d1f251ed7d6e12bb505335fb2fb8454,original,python,0,10,5,files.python.rules.flask.security.audit.debug-enabled,"Detected Flask app with debug=True. Do not deploy to production with this flag enabled as it will leak sensitive information. Instead, consider using Flask configuration variables or setting 'debug' using system environment variables."
4d1f251ed7d6e12bb505335fb2fb8454,original,python,2,24,5,files.python.rules.flask.security.audit.debug-enabled,"Detected Flask app with debug=True. Do not deploy to production with this flag enabled as it will leak sensitive information. Instead, consider using Flask configuration variables or setting 'debug' using system environment variables."
4dc6682cc6da9b790ba0de509d9ef8bd,original,python,0,22,15,files.python.rules.lang.security.use-defusedcsv,"Detected the generation of a CSV file using the built-in `csv` module. If user data is used to generate the data in this file, it is possible that an attacker could inject a formula when the CSV is imported into a spreadsheet application that runs an attacker script, which could steal data from the importing user or, at worst, install malware on the user's computer. `defusedcsv` is a drop-in replacement with the same API that will attempt to mitigate formula injection attempts. You can use `defusedcsv` instead of `csv` to safely generate CSVs."
4dc6682cc6da9b790ba0de509d9ef8bd,original,python,0,33,10,files.python.rules.lang.security.use-defusedcsv,"Detected the generation of a CSV file using the built-in `csv` module. If user data is used to generate the data in this file, it is possible that an attacker could inject a formula when the CSV is imported into a spreadsheet application that runs an attacker script, which could steal data from the importing user or, at worst, install malware on the user's computer. `defusedcsv` is a drop-in replacement with the same API that will attempt to mitigate formula injection attempts. You can use `defusedcsv` instead of `csv` to safely generate CSVs."
4fccfcd4e34ea4e92504506a8563773b,original,python,0,96,9,files.python.rules.lang.security.deserialization.avoid-pickle,"Avoid using `pickle`, which is known to lead to code execution vulnerabilities. When unpickling, the serialized data could be manipulated to run arbitrary code. Instead, consider serializing the relevant data as JSON or a similar text-based serialization format."
50d79dcbb3907994a6af798f4d96435a,original,python,0,62,29,files.python.rules.lang.security.deserialization.avoid-pickle,"Avoid using `pickle`, which is known to lead to code execution vulnerabilities. When unpickling, the serialized data could be manipulated to run arbitrary code. Instead, consider serializing the relevant data as JSON or a similar text-based serialization format."
5132e7982855279eb2298c31376adb09,original,python,1,61,5,files.python.rules.flask.security.audit.debug-enabled,"Detected Flask app with debug=True. Do not deploy to production with this flag enabled as it will leak sensitive information. Instead, consider using Flask configuration variables or setting 'debug' using system environment variables."
525bb9b21f3b3422805909c1255f37cd,original,python,3,23,22,files.python.rules.fastapi.security.wildcard-cors,CORS policy allows any origin (using wildcard '*'). This is insecure and should be avoided.
52986108142b86ad1533c26e9a58f4b9,original,python,0,8,18,files.python.rules.lang.security.use-defusedcsv,"Detected the generation of a CSV file using the built-in `csv` module. If user data is used to generate the data in this file, it is possible that an attacker could inject a formula when the CSV is imported into a spreadsheet application that runs an attacker script, which could steal data from the importing user or, at worst, install malware on the user's computer. `defusedcsv` is a drop-in replacement with the same API that will attempt to mitigate formula injection attempts. You can use `defusedcsv` instead of `csv` to safely generate CSVs."
53f35c0d49a0d90ab086128f4a7df209,original,python,0,34,13,files.python.rules.lang.security.audit.dangerous-spawn-process-audit,Found dynamic content when spawning a process. This is dangerous if external data can reach this function call because it allows a malicious actor to execute commands. Ensure no external data reaches here.
53f35c0d49a0d90ab086128f4a7df209,original,python,0,50,22,files.python.rules.lang.security.audit.dangerous-subprocess-use-audit,"Detected subprocess function 'check_output' without a static string. If this data can be controlled by a malicious actor, it may be an instance of command injection. Audit the use of this call to ensure it is not controllable by an external resource. You may consider using 'shlex.escape()'."
53f35c0d49a0d90ab086128f4a7df209,original,python,0,50,61,files.python.rules.lang.security.audit.subprocess-shell-true,"Found 'subprocess' function 'check_output' with 'shell=True'. This is dangerous because this call will spawn the command using a shell process. Doing so propagates current shell settings and variables, which makes it much easier for a malicious actor to execute commands. Use 'shell=False' instead."
53f35c0d49a0d90ab086128f4a7df209,original,python,0,65,9,files.python.rules.lang.security.audit.exec-detected,"Detected the use of exec(). exec() can be dangerous if used to evaluate dynamic content. If this content can be input from outside the program, this may be a code injection vulnerability. Ensure evaluated content is not definable by external sources."
53f54ae7393f6f99424612ca22fa6762,original,python,0,16,18,files.python.rules.lang.security.use-defusedcsv,"Detected the generation of a CSV file using the built-in `csv` module. If user data is used to generate the data in this file, it is possible that an attacker could inject a formula when the CSV is imported into a spreadsheet application that runs an attacker script, which could steal data from the importing user or, at worst, install malware on the user's computer. `defusedcsv` is a drop-in replacement with the same API that will attempt to mitigate formula injection attempts. You can use `defusedcsv` instead of `csv` to safely generate CSVs."
54c0991226758771e0e248759dc42751,original,python,0,11,14,files.python.rules.lang.security.use-defusedcsv,"Detected the generation of a CSV file using the built-in `csv` module. If user data is used to generate the data in this file, it is possible that an attacker could inject a formula when the CSV is imported into a spreadsheet application that runs an attacker script, which could steal data from the importing user or, at worst, install malware on the user's computer. `defusedcsv` is a drop-in replacement with the same API that will attempt to mitigate formula injection attempts. You can use `defusedcsv` instead of `csv` to safely generate CSVs."
557e219181684ab6bf7bdcd3ac549662,original,python,0,25,33,files.python.rules.lang.security.audit.insecure-transport.requests.request-with-http,"Detected a request using 'http://'. This request will be unencrypted, and attackers could listen into traffic on the network and be able to obtain sensitive information. Use 'https://' instead."
5601d062ea7fc8423c559d8776fd6d55,original,python,1,16,37,files.python.rules.lang.security.audit.insecure-transport.requests.request-with-http,"Detected a request using 'http://'. This request will be unencrypted, and attackers could listen into traffic on the network and be able to obtain sensitive information. Use 'https://' instead."
56b9bbdfe8b15557e2906b04089031f4,original,python,1,8,1,files.python.rules.lang.security.use-defused-xml,"The Python documentation recommends using `defusedxml` instead of `xml` because the native Python `xml` library is vulnerable to XML External Entity (XXE) attacks. These attacks can leak confidential data and ""XML bombs"" can cause denial of service."
56b9bbdfe8b15557e2906b04089031f4,original,python,1,67,24,files.python.rules.lang.security.use-defused-xml-parse,"The native Python `xml` library is vulnerable to XML External Entity (XXE) attacks.  These attacks can leak confidential data and ""XML bombs"" can cause denial of service. Do not use this library to parse untrusted input. Instead  the Python documentation recommends using `defusedxml`."
56e60cd4d4dca1633d66d5ba00be39bb,original,python,0,3,1,files.python.rules.lang.security.audit.insecure-transport.urllib.insecure-request-object,"Detected a 'urllib.request.Request()' object using an insecure transport protocol, 'http://'. This connection will not be encrypted. Use 'https://' instead."
56e60cd4d4dca1633d66d5ba00be39bb,original,python,0,10,7,files.python.rules.lang.security.audit.insecure-transport.urllib.insecure-request-object,"Detected a 'urllib.request.Request()' object using an insecure transport protocol, 'http://'. This connection will not be encrypted. Use 'https://' instead."
56e60cd4d4dca1633d66d5ba00be39bb,original,python,0,13,8,files.python.rules.lang.security.audit.dynamic-urllib-use-detected,"Detected a dynamic value being used with urllib. urllib supports 'file://' schemes, so a dynamic value controlled by a malicious actor may allow them to read arbitrary files. Audit uses of urllib calls to ensure user data cannot control the URLs, or consider using the 'requests' library instead."
58132676acbc1589cdff1386af6f8e96,original,python,0,17,29,files.python.rules.lang.security.audit.insecure-transport.requests.request-with-http,"Detected a request using 'http://'. This request will be unencrypted, and attackers could listen into traffic on the network and be able to obtain sensitive information. Use 'https://' instead."
5831a6f2066b2e1e316dfd9ef69da083,original,python,0,13,20,files.python.rules.lang.security.deserialization.avoid-pickle,"Avoid using `pickle`, which is known to lead to code execution vulnerabilities. When unpickling, the serialized data could be manipulated to run arbitrary code. Instead, consider serializing the relevant data as JSON or a similar text-based serialization format."
58d79aa8ed32418be2868af2d5b538a2,original,python,0,1,1,files.python.rules.lang.security.use-defused-xml,"The Python documentation recommends using `defusedxml` instead of `xml` because the native Python `xml` library is vulnerable to XML External Entity (XXE) attacks. These attacks can leak confidential data and ""XML bombs"" can cause denial of service."
5ad5209cbc52e2010990d79ad83f4c33,original,python,0,104,18,files.python.rules.lang.security.audit.eval-detected,"Detected the use of eval(). eval() can be dangerous if used to evaluate dynamic content. If this content can be input from outside the program, this may be a code injection vulnerability. Ensure evaluated content is not definable by external sources."
5b71370a72574ab2be8c1d5bb201fc8d,original,python,1,34,18,files.python.rules.lang.security.use-defusedcsv,"Detected the generation of a CSV file using the built-in `csv` module. If user data is used to generate the data in this file, it is possible that an attacker could inject a formula when the CSV is imported into a spreadsheet application that runs an attacker script, which could steal data from the importing user or, at worst, install malware on the user's computer. `defusedcsv` is a drop-in replacement with the same API that will attempt to mitigate formula injection attempts. You can use `defusedcsv` instead of `csv` to safely generate CSVs."
5c8ed6c5d80ab6a5286492cab9f62ceb,original,python,1,10,5,files.python.rules.flask.security.audit.debug-enabled,"Detected Flask app with debug=True. Do not deploy to production with this flag enabled as it will leak sensitive information. Instead, consider using Flask configuration variables or setting 'debug' using system environment variables."
5db4249950e083f8dd046c99a7c1a592,original,python,0,36,19,files.python.rules.lang.security.audit.insecure-transport.requests.request-session-with-http,Detected a request using 'http://'. This request will be unencrypted. Use 'https://' instead.
5e06c610623e0aea069c86d8cdba4a76,original,python,1,21,30,files.python.rules.lang.security.audit.insecure-transport.requests.request-with-http,"Detected a request using 'http://'. This request will be unencrypted, and attackers could listen into traffic on the network and be able to obtain sensitive information. Use 'https://' instead."
5e06c610623e0aea069c86d8cdba4a76,original,python,1,47,30,files.python.rules.lang.security.audit.insecure-transport.requests.request-with-http,"Detected a request using 'http://'. This request will be unencrypted, and attackers could listen into traffic on the network and be able to obtain sensitive information. Use 'https://' instead."
5e06c610623e0aea069c86d8cdba4a76,original,python,1,62,30,files.python.rules.lang.security.audit.insecure-transport.requests.request-with-http,"Detected a request using 'http://'. This request will be unencrypted, and attackers could listen into traffic on the network and be able to obtain sensitive information. Use 'https://' instead."
5e26948d86dad61d05157db8b3516c99,original,python,1,52,44,files.python.rules.jwt.security.jwt-python-hardcoded-secret,Hardcoded JWT secret or private key is used. This is a Insufficiently Protected Credentials weakness: https://cwe.mitre.org/data/definitions/522.html Consider using an appropriate security mechanism to protect the credentials (e.g. keeping secrets in environment variables)
5e78c81ad7bd5a74e0b0b687d56551f6,original,python,1,4,1,files.python.rules.lang.security.use-defused-xml,"The Python documentation recommends using `defusedxml` instead of `xml` because the native Python `xml` library is vulnerable to XML External Entity (XXE) attacks. These attacks can leak confidential data and ""XML bombs"" can cause denial of service."
5e78c81ad7bd5a74e0b0b687d56551f6,original,python,1,14,12,files.python.rules.lang.security.use-defused-xml-parse,"The native Python `xml` library is vulnerable to XML External Entity (XXE) attacks.  These attacks can leak confidential data and ""XML bombs"" can cause denial of service. Do not use this library to parse untrusted input. Instead  the Python documentation recommends using `defusedxml`."
5eb6f727cad78abe8db5a654aab92fcf,original,python,2,32,5,files.python.rules.flask.security.audit.debug-enabled,"Detected Flask app with debug=True. Do not deploy to production with this flag enabled as it will leak sensitive information. Instead, consider using Flask configuration variables or setting 'debug' using system environment variables."
5f4b64bb9aee487940399aa957a56381,original,python,0,19,14,files.python.rules.lang.security.use-defusedcsv,"Detected the generation of a CSV file using the built-in `csv` module. If user data is used to generate the data in this file, it is possible that an attacker could inject a formula when the CSV is imported into a spreadsheet application that runs an attacker script, which could steal data from the importing user or, at worst, install malware on the user's computer. `defusedcsv` is a drop-in replacement with the same API that will attempt to mitigate formula injection attempts. You can use `defusedcsv` instead of `csv` to safely generate CSVs."
60d73aff95af53cff5935147778fe7c1,original,python,1,13,5,files.python.rules.flask.security.audit.debug-enabled,"Detected Flask app with debug=True. Do not deploy to production with this flag enabled as it will leak sensitive information. Instead, consider using Flask configuration variables or setting 'debug' using system environment variables."
617594d047161eaebc30d75dcf0517cd,original,python,3,48,9,files.python.rules.flask.security.audit.debug-enabled,"Detected Flask app with debug=True. Do not deploy to production with this flag enabled as it will leak sensitive information. Instead, consider using Flask configuration variables or setting 'debug' using system environment variables."
61ee933ae5b90e4286e1b35de194048a,original,python,0,69,5,files.python.rules.flask.security.audit.avoid_app_run_with_bad_host,Running flask app with host 0.0.0.0 could expose the server publicly.
62ee6957a718485052c8c86ebe48993c,original,python,8,3,5,files.python.rules.lang.security.audit.exec-detected,"Detected the use of exec(). exec() can be dangerous if used to evaluate dynamic content. If this content can be input from outside the program, this may be a code injection vulnerability. Ensure evaluated content is not definable by external sources."
637d7c92654ce5e7f817e717af5f6202,original,python,1,8,14,files.python.rules.lang.security.use-defusedcsv,"Detected the generation of a CSV file using the built-in `csv` module. If user data is used to generate the data in this file, it is possible that an attacker could inject a formula when the CSV is imported into a spreadsheet application that runs an attacker script, which could steal data from the importing user or, at worst, install malware on the user's computer. `defusedcsv` is a drop-in replacement with the same API that will attempt to mitigate formula injection attempts. You can use `defusedcsv` instead of `csv` to safely generate CSVs."
637d7c92654ce5e7f817e717af5f6202,original,python,2,3,14,files.python.rules.lang.security.use-defusedcsv,"Detected the generation of a CSV file using the built-in `csv` module. If user data is used to generate the data in this file, it is possible that an attacker could inject a formula when the CSV is imported into a spreadsheet application that runs an attacker script, which could steal data from the importing user or, at worst, install malware on the user's computer. `defusedcsv` is a drop-in replacement with the same API that will attempt to mitigate formula injection attempts. You can use `defusedcsv` instead of `csv` to safely generate CSVs."
637d7c92654ce5e7f817e717af5f6202,original,python,3,3,14,files.python.rules.lang.security.use-defusedcsv,"Detected the generation of a CSV file using the built-in `csv` module. If user data is used to generate the data in this file, it is possible that an attacker could inject a formula when the CSV is imported into a spreadsheet application that runs an attacker script, which could steal data from the importing user or, at worst, install malware on the user's computer. `defusedcsv` is a drop-in replacement with the same API that will attempt to mitigate formula injection attempts. You can use `defusedcsv` instead of `csv` to safely generate CSVs."
64145a62decf6b3185f72c49ca22e32a,original,python,1,6,30,files.python.rules.lang.security.audit.insecure-transport.requests.request-with-http,"Detected a request using 'http://'. This request will be unencrypted, and attackers could listen into traffic on the network and be able to obtain sensitive information. Use 'https://' instead."
6418d7f4dcad2e2d9b74910ac9f595a8,original,python,0,9,18,files.python.rules.lang.security.audit.dangerous-subprocess-use-audit,"Detected subprocess function 'run' without a static string. If this data can be controlled by a malicious actor, it may be an instance of command injection. Audit the use of this call to ensure it is not controllable by an external resource. You may consider using 'shlex.escape()'."
6662d10367e2051d1146dbd16b7141db,original,python,1,17,17,files.python.rules.lang.security.audit.eval-detected,"Detected the use of eval(). eval() can be dangerous if used to evaluate dynamic content. If this content can be input from outside the program, this may be a code injection vulnerability. Ensure evaluated content is not definable by external sources."
66787c0fedd877cb7e0acfd6209d90f4,original,python,0,3,1,files.python.rules.lang.security.audit.insecure-transport.urllib.insecure-request-object,"Detected a 'urllib.request.Request()' object using an insecure transport protocol, 'http://'. This connection will not be encrypted. Use 'https://' instead."
66787c0fedd877cb7e0acfd6209d90f4,original,python,0,10,7,files.python.rules.lang.security.audit.insecure-transport.urllib.insecure-request-object,"Detected a 'urllib.request.Request()' object using an insecure transport protocol, 'http://'. This connection will not be encrypted. Use 'https://' instead."
66787c0fedd877cb7e0acfd6209d90f4,original,python,0,13,6,files.python.rules.lang.security.audit.dynamic-urllib-use-detected,"Detected a dynamic value being used with urllib. urllib supports 'file://' schemes, so a dynamic value controlled by a malicious actor may allow them to read arbitrary files. Audit uses of urllib calls to ensure user data cannot control the URLs, or consider using the 'requests' library instead."
66d7e3770b22efe966bc7f0a6e5a2907,original,python,1,14,5,files.python.rules.flask.security.audit.directly-returned-format-string,Detected Flask route directly returning a formatted string. This is subject to cross-site scripting if user input can reach the string. Consider using the template engine instead and rendering pages with 'render_template()'.
66d7e3770b22efe966bc7f0a6e5a2907,original,python,1,17,5,files.python.rules.flask.security.audit.debug-enabled,"Detected Flask app with debug=True. Do not deploy to production with this flag enabled as it will leak sensitive information. Instead, consider using Flask configuration variables or setting 'debug' using system environment variables."
674029ac7649876eb8da1917430feb50,original,python,8,13,12,files.python.rules.django.security.injection.open-redirect,Data from request ($DATA) is passed to redirect(). This is an open redirect and could be exploited. Ensure you are redirecting to safe URLs by using django.utils.http.is_safe_url(). See https://cwe.mitre.org/data/definitions/601.html for more information.
674029ac7649876eb8da1917430feb50,original,python,8,13,19,files.python.rules.django.security.injection.open-redirect,Data from request ($DATA) is passed to redirect(). This is an open redirect and could be exploited. Ensure you are redirecting to safe URLs by using django.utils.http.is_safe_url(). See https://cwe.mitre.org/data/definitions/601.html for more information.
67f3365488a24921833ed68f285d2dbc,original,python,0,11,22,files.python.rules.lang.security.use-defusedcsv,"Detected the generation of a CSV file using the built-in `csv` module. If user data is used to generate the data in this file, it is possible that an attacker could inject a formula when the CSV is imported into a spreadsheet application that runs an attacker script, which could steal data from the importing user or, at worst, install malware on the user's computer. `defusedcsv` is a drop-in replacement with the same API that will attempt to mitigate formula injection attempts. You can use `defusedcsv` instead of `csv` to safely generate CSVs."
68531143a127f874ab0bec63419932e8,original,python,1,7,15,files.python.rules.lang.security.audit.marshal-usage,The marshal module is not intended to be secure against erroneous or maliciously constructed data. Never unmarshal data received from an untrusted or unauthenticated source. See more details: https://docs.python.org/3/library/marshal.html?highlight=security
68531143a127f874ab0bec63419932e8,original,python,2,9,19,files.python.rules.lang.security.audit.marshal-usage,The marshal module is not intended to be secure against erroneous or maliciously constructed data. Never unmarshal data received from an untrusted or unauthenticated source. See more details: https://docs.python.org/3/library/marshal.html?highlight=security
685af46c01fa14a930f966463f3d0758,original,python,0,42,5,files.python.rules.flask.security.audit.avoid_app_run_with_bad_host,Running flask app with host 0.0.0.0 could expose the server publicly.
6967bcde90af29c1e0ddf09d34e03e44,original,python,0,50,5,files.python.rules.flask.security.audit.debug-enabled,"Detected Flask app with debug=True. Do not deploy to production with this flag enabled as it will leak sensitive information. Instead, consider using Flask configuration variables or setting 'debug' using system environment variables."
69aef455c5f359e6a26696f14f6b9955,original,python,0,26,29,files.python.rules.lang.security.audit.insecure-transport.requests.request-with-http,"Detected a request using 'http://'. This request will be unencrypted, and attackers could listen into traffic on the network and be able to obtain sensitive information. Use 'https://' instead."
6a2fad7ed656904cc85e8a298845ee39,original,python,6,8,9,files.python.rules.lang.security.audit.insecure-file-permissions,These permissions `0o755` are widely permissive and grant access to more people than may be necessary. A good default is `0o644` which gives read and write access to yourself and read access to everyone else.
6a2fad7ed656904cc85e8a298845ee39,original,python,6,15,18,files.python.rules.lang.security.audit.dangerous-subprocess-use-audit,"Detected subprocess function 'run' without a static string. If this data can be controlled by a malicious actor, it may be an instance of command injection. Audit the use of this call to ensure it is not controllable by an external resource. You may consider using 'shlex.escape()'."
6a6479823718eca0f3378d4b918b6a4b,original,python,0,9,23,files.python.rules.lang.security.insecure-hash-algorithm-md5,Detected MD5 hash algorithm which is considered insecure. MD5 is not collision resistant and is therefore not suitable as a cryptographic signature. Use SHA256 or SHA3 instead.
6c3626a9dec1a9ec3523eaac8f1b1a41,original,python,0,15,21,files.python.rules.lang.security.deserialization.avoid-pickle,"Avoid using `pickle`, which is known to lead to code execution vulnerabilities. When unpickling, the serialized data could be manipulated to run arbitrary code. Instead, consider serializing the relevant data as JSON or a similar text-based serialization format."
6c3626a9dec1a9ec3523eaac8f1b1a41,original,python,0,23,13,files.python.rules.lang.security.deserialization.avoid-pickle,"Avoid using `pickle`, which is known to lead to code execution vulnerabilities. When unpickling, the serialized data could be manipulated to run arbitrary code. Instead, consider serializing the relevant data as JSON or a similar text-based serialization format."
6c3626a9dec1a9ec3523eaac8f1b1a41,original,python,0,28,9,files.python.rules.lang.security.audit.dangerous-system-call-audit,"Found dynamic content used in a system call. This is dangerous if external data can reach this function call because it allows a malicious actor to execute commands. Use the 'subprocess' module instead, which is easier to use without accidentally exposing a command injection vulnerability."
6d2b944c19cb8924f509ed5a16cbfbbb,original,python,3,6,16,files.python.rules.lang.security.audit.marshal-usage,The marshal module is not intended to be secure against erroneous or maliciously constructed data. Never unmarshal data received from an untrusted or unauthenticated source. See more details: https://docs.python.org/3/library/marshal.html?highlight=security
6d5f8d5936c73fb00a419b3fdba8ff1d,original,python,0,5,26,files.python.rules.lang.security.audit.insecure-transport.requests.request-with-http,"Detected a request using 'http://'. This request will be unencrypted, and attackers could listen into traffic on the network and be able to obtain sensitive information. Use 'https://' instead."
6d5f8d5936c73fb00a419b3fdba8ff1d,original,python,1,5,26,files.python.rules.lang.security.audit.insecure-transport.requests.request-with-http,"Detected a request using 'http://'. This request will be unencrypted, and attackers could listen into traffic on the network and be able to obtain sensitive information. Use 'https://' instead."
6d5f8d5936c73fb00a419b3fdba8ff1d,original,python,2,5,26,files.python.rules.lang.security.audit.insecure-transport.requests.request-with-http,"Detected a request using 'http://'. This request will be unencrypted, and attackers could listen into traffic on the network and be able to obtain sensitive information. Use 'https://' instead."
6e8d5b629b56742dcbd1989940601a2d,original,python,1,50,5,files.python.rules.flask.security.audit.debug-enabled,"Detected Flask app with debug=True. Do not deploy to production with this flag enabled as it will leak sensitive information. Instead, consider using Flask configuration variables or setting 'debug' using system environment variables."
6efd5c28c5861646b4ff7508077f3c03,original,python,0,51,5,files.python.rules.flask.security.audit.debug-enabled,"Detected Flask app with debug=True. Do not deploy to production with this flag enabled as it will leak sensitive information. Instead, consider using Flask configuration variables or setting 'debug' using system environment variables."
7118361abf1ef696134e30ed6fc83430,original,python,0,35,5,files.python.rules.lang.security.deserialization.avoid-pickle,"Avoid using `pickle`, which is known to lead to code execution vulnerabilities. When unpickling, the serialized data could be manipulated to run arbitrary code. Instead, consider serializing the relevant data as JSON or a similar text-based serialization format."
7142d75545016c617465058e62ccfdbd,original,python,0,1,13,files.python.rules.lang.security.insecure-hash-algorithm-md5,Detected MD5 hash algorithm which is considered insecure. MD5 is not collision resistant and is therefore not suitable as a cryptographic signature. Use SHA256 or SHA3 instead.
7154acf527a700620b0c2d9fa2106064,original,python,0,15,28,files.python.rules.lang.security.audit.dangerous-subprocess-use-audit,"Detected subprocess function 'Popen' without a static string. If this data can be controlled by a malicious actor, it may be an instance of command injection. Audit the use of this call to ensure it is not controllable by an external resource. You may consider using 'shlex.escape()'."
72b8ac182d4beeff073eadf98da80cc1,original,python,1,11,14,files.python.rules.lang.security.use-defusedcsv,"Detected the generation of a CSV file using the built-in `csv` module. If user data is used to generate the data in this file, it is possible that an attacker could inject a formula when the CSV is imported into a spreadsheet application that runs an attacker script, which could steal data from the importing user or, at worst, install malware on the user's computer. `defusedcsv` is a drop-in replacement with the same API that will attempt to mitigate formula injection attempts. You can use `defusedcsv` instead of `csv` to safely generate CSVs."
72b8ac182d4beeff073eadf98da80cc1,original,python,2,29,14,files.python.rules.lang.security.use-defusedcsv,"Detected the generation of a CSV file using the built-in `csv` module. If user data is used to generate the data in this file, it is possible that an attacker could inject a formula when the CSV is imported into a spreadsheet application that runs an attacker script, which could steal data from the importing user or, at worst, install malware on the user's computer. `defusedcsv` is a drop-in replacement with the same API that will attempt to mitigate formula injection attempts. You can use `defusedcsv` instead of `csv` to safely generate CSVs."
7379cdcee96aff710276b88ccaa347e4,original,python,3,10,5,files.python.rules.flask.security.audit.debug-enabled,"Detected Flask app with debug=True. Do not deploy to production with this flag enabled as it will leak sensitive information. Instead, consider using Flask configuration variables or setting 'debug' using system environment variables."
73b68ddef542d7a9cb3a3ba83c3031b7,original,python,1,12,1,files.python.rules.lang.security.audit.dangerous-subprocess-use-audit,"Detected subprocess function 'Popen' without a static string. If this data can be controlled by a malicious actor, it may be an instance of command injection. Audit the use of this call to ensure it is not controllable by an external resource. You may consider using 'shlex.escape()'."
73d63792cdfdf39954ecd1dc2a88f56d,original,python,1,15,22,files.python.rules.lang.security.audit.dangerous-subprocess-use-audit,"Detected subprocess function 'run' without a static string. If this data can be controlled by a malicious actor, it may be an instance of command injection. Audit the use of this call to ensure it is not controllable by an external resource. You may consider using 'shlex.escape()'."
73d63792cdfdf39954ecd1dc2a88f56d,original,python,1,15,52,files.python.rules.lang.security.audit.subprocess-shell-true,"Found 'subprocess' function 'run' with 'shell=True'. This is dangerous because this call will spawn the command using a shell process. Doing so propagates current shell settings and variables, which makes it much easier for a malicious actor to execute commands. Use 'shell=False' instead."
73ec7a8ca09da7f4cf026fe44ad60a6a,original,python,2,11,5,files.python.rules.flask.security.audit.debug-enabled,"Detected Flask app with debug=True. Do not deploy to production with this flag enabled as it will leak sensitive information. Instead, consider using Flask configuration variables or setting 'debug' using system environment variables."
74ab1a332b0e907e3ee5ff20c80ab2d9,original,python,0,9,5,files.python.rules.lang.security.audit.exec-detected,"Detected the use of exec(). exec() can be dangerous if used to evaluate dynamic content. If this content can be input from outside the program, this may be a code injection vulnerability. Ensure evaluated content is not definable by external sources."
74e31dbe8ea9aec3d4fecd5bf16997c5,original,python,0,2,1,files.python.rules.lang.security.use-defused-xml,"The Python documentation recommends using `defusedxml` instead of `xml` because the native Python `xml` library is vulnerable to XML External Entity (XXE) attacks. These attacks can leak confidential data and ""XML bombs"" can cause denial of service."
74e31dbe8ea9aec3d4fecd5bf16997c5,original,python,0,13,32,files.python.rules.lang.security.use-defused-xml-parse,"The native Python `xml` library is vulnerable to XML External Entity (XXE) attacks.  These attacks can leak confidential data and ""XML bombs"" can cause denial of service. Do not use this library to parse untrusted input. Instead  the Python documentation recommends using `defusedxml`."
75011c33d1e621510c48e5d80b1cdc00,original,python,1,37,5,files.python.rules.django.security.injection.sql.sql-injection-db-cursor-execute,"User-controlled data from a request is passed to 'execute()'. This could lead to a SQL injection and therefore protected information could be leaked. Instead, use django's QuerySets, which are built with query parameterization and therefore not vulnerable to sql injection. For example, you could use `Entry.objects.filter(date=2006)`."
75011c33d1e621510c48e5d80b1cdc00,original,python,1,54,9,files.python.rules.django.security.injection.sql.sql-injection-db-cursor-execute,"User-controlled data from a request is passed to 'execute()'. This could lead to a SQL injection and therefore protected information could be leaked. Instead, use django's QuerySets, which are built with query parameterization and therefore not vulnerable to sql injection. For example, you could use `Entry.objects.filter(date=2006)`."
75011c33d1e621510c48e5d80b1cdc00,original,python,1,55,9,files.python.rules.django.security.injection.sql.sql-injection-db-cursor-execute,"User-controlled data from a request is passed to 'execute()'. This could lead to a SQL injection and therefore protected information could be leaked. Instead, use django's QuerySets, which are built with query parameterization and therefore not vulnerable to sql injection. For example, you could use `Entry.objects.filter(date=2006)`."
75011c33d1e621510c48e5d80b1cdc00,original,python,1,56,9,files.python.rules.django.security.injection.sql.sql-injection-db-cursor-execute,"User-controlled data from a request is passed to 'execute()'. This could lead to a SQL injection and therefore protected information could be leaked. Instead, use django's QuerySets, which are built with query parameterization and therefore not vulnerable to sql injection. For example, you could use `Entry.objects.filter(date=2006)`."
75011c33d1e621510c48e5d80b1cdc00,original,python,1,70,5,files.python.rules.flask.security.audit.debug-enabled,"Detected Flask app with debug=True. Do not deploy to production with this flag enabled as it will leak sensitive information. Instead, consider using Flask configuration variables or setting 'debug' using system environment variables."
75402876c28958aac9f1aad3870838bf,original,python,0,18,8,files.python.rules.lang.security.deserialization.avoid-pickle,"Avoid using `pickle`, which is known to lead to code execution vulnerabilities. When unpickling, the serialized data could be manipulated to run arbitrary code. Instead, consider serializing the relevant data as JSON or a similar text-based serialization format."
75402876c28958aac9f1aad3870838bf,original,python,1,4,14,files.python.rules.lang.security.deserialization.avoid-pickle,"Avoid using `pickle`, which is known to lead to code execution vulnerabilities. When unpickling, the serialized data could be manipulated to run arbitrary code. Instead, consider serializing the relevant data as JSON or a similar text-based serialization format."
763951d9952e25a87647515b269dea04,original,python,2,34,5,files.python.rules.lang.security.audit.dangerous-subprocess-use-audit,"Detected subprocess function 'Popen' without a static string. If this data can be controlled by a malicious actor, it may be an instance of command injection. Audit the use of this call to ensure it is not controllable by an external resource. You may consider using 'shlex.escape()'."
76eb0a15e970ab1f0c6ae2cb5d051d9c,original,python,1,9,12,files.python.rules.lang.security.insecure-hash-algorithm-md5,Detected MD5 hash algorithm which is considered insecure. MD5 is not collision resistant and is therefore not suitable as a cryptographic signature. Use SHA256 or SHA3 instead.
76eb0a15e970ab1f0c6ae2cb5d051d9c,original,python,2,9,16,files.python.rules.lang.security.insecure-hash-algorithm-md5,Detected MD5 hash algorithm which is considered insecure. MD5 is not collision resistant and is therefore not suitable as a cryptographic signature. Use SHA256 or SHA3 instead.
76fe7cd5e927bb5077a7e6911736dadd,original,python,0,23,5,files.python.rules.flask.security.audit.debug-enabled,"Detected Flask app with debug=True. Do not deploy to production with this flag enabled as it will leak sensitive information. Instead, consider using Flask configuration variables or setting 'debug' using system environment variables."
7a6736bd4b91019e97f8ac35fad22eb7,original,python,1,6,15,files.python.rules.lang.security.audit.dangerous-subprocess-use-audit,"Detected subprocess function 'Popen' without a static string. If this data can be controlled by a malicious actor, it may be an instance of command injection. Audit the use of this call to ensure it is not controllable by an external resource. You may consider using 'shlex.escape()'."
7b7c8b5bc40c5266f6124aa79db8d4f9,original,python,0,1,1,files.python.rules.lang.security.use-defused-xml,"The Python documentation recommends using `defusedxml` instead of `xml` because the native Python `xml` library is vulnerable to XML External Entity (XXE) attacks. These attacks can leak confidential data and ""XML bombs"" can cause denial of service."
7b7c8b5bc40c5266f6124aa79db8d4f9,original,python,0,5,12,files.python.rules.lang.security.use-defused-xml-parse,"The native Python `xml` library is vulnerable to XML External Entity (XXE) attacks.  These attacks can leak confidential data and ""XML bombs"" can cause denial of service. Do not use this library to parse untrusted input. Instead  the Python documentation recommends using `defusedxml`."
7c89779533ed376c065b56e581765b6c,original,python,0,15,26,files.python.rules.lang.security.audit.insecure-transport.requests.request-with-http,"Detected a request using 'http://'. This request will be unencrypted, and attackers could listen into traffic on the network and be able to obtain sensitive information. Use 'https://' instead."
7f668dbb060ee4166eb4f92074e569f1,original,python,11,13,5,files.python.rules.flask.security.audit.debug-enabled,"Detected Flask app with debug=True. Do not deploy to production with this flag enabled as it will leak sensitive information. Instead, consider using Flask configuration variables or setting 'debug' using system environment variables."
7fe1d5e294be2f24c2220b24d19c0933,original,python,0,141,23,files.python.rules.lang.security.use-defusedcsv,"Detected the generation of a CSV file using the built-in `csv` module. If user data is used to generate the data in this file, it is possible that an attacker could inject a formula when the CSV is imported into a spreadsheet application that runs an attacker script, which could steal data from the importing user or, at worst, install malware on the user's computer. `defusedcsv` is a drop-in replacement with the same API that will attempt to mitigate formula injection attempts. You can use `defusedcsv` instead of `csv` to safely generate CSVs."
810532cf4947ff72b971f8e025d8c1b2,original,python,0,13,14,files.python.rules.lang.security.use-defusedcsv,"Detected the generation of a CSV file using the built-in `csv` module. If user data is used to generate the data in this file, it is possible that an attacker could inject a formula when the CSV is imported into a spreadsheet application that runs an attacker script, which could steal data from the importing user or, at worst, install malware on the user's computer. `defusedcsv` is a drop-in replacement with the same API that will attempt to mitigate formula injection attempts. You can use `defusedcsv` instead of `csv` to safely generate CSVs."
814f583621bc449b68ebd42f87ddfedf,original,python,0,39,14,files.python.rules.lang.security.use-defusedcsv,"Detected the generation of a CSV file using the built-in `csv` module. If user data is used to generate the data in this file, it is possible that an attacker could inject a formula when the CSV is imported into a spreadsheet application that runs an attacker script, which could steal data from the importing user or, at worst, install malware on the user's computer. `defusedcsv` is a drop-in replacement with the same API that will attempt to mitigate formula injection attempts. You can use `defusedcsv` instead of `csv` to safely generate CSVs."
827ada4ff64986bca67379cb5a5206b9,original,python,0,40,14,files.python.rules.lang.security.use-defusedcsv,"Detected the generation of a CSV file using the built-in `csv` module. If user data is used to generate the data in this file, it is possible that an attacker could inject a formula when the CSV is imported into a spreadsheet application that runs an attacker script, which could steal data from the importing user or, at worst, install malware on the user's computer. `defusedcsv` is a drop-in replacement with the same API that will attempt to mitigate formula injection attempts. You can use `defusedcsv` instead of `csv` to safely generate CSVs."
838d262ec6e753929412c778103b09c0,original,python,0,44,26,files.python.rules.lang.security.use-defusedcsv,"Detected the generation of a CSV file using the built-in `csv` module. If user data is used to generate the data in this file, it is possible that an attacker could inject a formula when the CSV is imported into a spreadsheet application that runs an attacker script, which could steal data from the importing user or, at worst, install malware on the user's computer. `defusedcsv` is a drop-in replacement with the same API that will attempt to mitigate formula injection attempts. You can use `defusedcsv` instead of `csv` to safely generate CSVs."
85c9b780b348fa036d19a775a4820308,original,python,0,3,1,files.python.rules.lang.security.use-defused-xml,"The Python documentation recommends using `defusedxml` instead of `xml` because the native Python `xml` library is vulnerable to XML External Entity (XXE) attacks. These attacks can leak confidential data and ""XML bombs"" can cause denial of service."
85c9b780b348fa036d19a775a4820308,original,python,0,54,16,files.python.rules.lang.security.use-defused-xml-parse,"The native Python `xml` library is vulnerable to XML External Entity (XXE) attacks.  These attacks can leak confidential data and ""XML bombs"" can cause denial of service. Do not use this library to parse untrusted input. Instead  the Python documentation recommends using `defusedxml`."
85c9b780b348fa036d19a775a4820308,original,python,1,3,1,files.python.rules.lang.security.use-defused-xml,"The Python documentation recommends using `defusedxml` instead of `xml` because the native Python `xml` library is vulnerable to XML External Entity (XXE) attacks. These attacks can leak confidential data and ""XML bombs"" can cause denial of service."
85c9b780b348fa036d19a775a4820308,original,python,1,57,16,files.python.rules.lang.security.use-defused-xml-parse,"The native Python `xml` library is vulnerable to XML External Entity (XXE) attacks.  These attacks can leak confidential data and ""XML bombs"" can cause denial of service. Do not use this library to parse untrusted input. Instead  the Python documentation recommends using `defusedxml`."
88033ab65485270c5dd8e05d83ea0dd5,original,python,1,3,1,files.python.rules.lang.security.use-defused-xml,"The Python documentation recommends using `defusedxml` instead of `xml` because the native Python `xml` library is vulnerable to XML External Entity (XXE) attacks. These attacks can leak confidential data and ""XML bombs"" can cause denial of service."
88033ab65485270c5dd8e05d83ea0dd5,original,python,1,12,12,files.python.rules.lang.security.use-defused-xml-parse,"The native Python `xml` library is vulnerable to XML External Entity (XXE) attacks.  These attacks can leak confidential data and ""XML bombs"" can cause denial of service. Do not use this library to parse untrusted input. Instead  the Python documentation recommends using `defusedxml`."
891d6164ded43fc1f0ae70020f35eb35,original,python,1,17,16,files.python.rules.flask.security.injection.ssrf-requests,"Data from request object is passed to a new server-side request. This could lead to a server-side request forgery (SSRF). To mitigate, ensure that schemes and hosts are validated against an allowlist, do not forward the response to the user, and ensure proper authentication and transport-layer security in the proxied request."
891d6164ded43fc1f0ae70020f35eb35,original,python,1,17,29,files.python.rules.lang.security.audit.insecure-transport.requests.request-with-http,"Detected a request using 'http://'. This request will be unencrypted, and attackers could listen into traffic on the network and be able to obtain sensitive information. Use 'https://' instead."
891d6164ded43fc1f0ae70020f35eb35,original,python,1,19,16,files.python.rules.flask.security.injection.ssrf-requests,"Data from request object is passed to a new server-side request. This could lead to a server-side request forgery (SSRF). To mitigate, ensure that schemes and hosts are validated against an allowlist, do not forward the response to the user, and ensure proper authentication and transport-layer security in the proxied request."
891d6164ded43fc1f0ae70020f35eb35,original,python,1,19,30,files.python.rules.lang.security.audit.insecure-transport.requests.request-with-http,"Detected a request using 'http://'. This request will be unencrypted, and attackers could listen into traffic on the network and be able to obtain sensitive information. Use 'https://' instead."
891d6164ded43fc1f0ae70020f35eb35,original,python,1,21,16,files.python.rules.flask.security.injection.ssrf-requests,"Data from request object is passed to a new server-side request. This could lead to a server-side request forgery (SSRF). To mitigate, ensure that schemes and hosts are validated against an allowlist, do not forward the response to the user, and ensure proper authentication and transport-layer security in the proxied request."
891d6164ded43fc1f0ae70020f35eb35,original,python,1,21,29,files.python.rules.lang.security.audit.insecure-transport.requests.request-with-http,"Detected a request using 'http://'. This request will be unencrypted, and attackers could listen into traffic on the network and be able to obtain sensitive information. Use 'https://' instead."
891d6164ded43fc1f0ae70020f35eb35,original,python,1,23,16,files.python.rules.flask.security.injection.ssrf-requests,"Data from request object is passed to a new server-side request. This could lead to a server-side request forgery (SSRF). To mitigate, ensure that schemes and hosts are validated against an allowlist, do not forward the response to the user, and ensure proper authentication and transport-layer security in the proxied request."
891d6164ded43fc1f0ae70020f35eb35,original,python,1,23,32,files.python.rules.lang.security.audit.insecure-transport.requests.request-with-http,"Detected a request using 'http://'. This request will be unencrypted, and attackers could listen into traffic on the network and be able to obtain sensitive information. Use 'https://' instead."
891d6164ded43fc1f0ae70020f35eb35,original,python,1,25,16,files.python.rules.flask.security.injection.ssrf-requests,"Data from request object is passed to a new server-side request. This could lead to a server-side request forgery (SSRF). To mitigate, ensure that schemes and hosts are validated against an allowlist, do not forward the response to the user, and ensure proper authentication and transport-layer security in the proxied request."
891d6164ded43fc1f0ae70020f35eb35,original,python,1,25,31,files.python.rules.lang.security.audit.insecure-transport.requests.request-with-http,"Detected a request using 'http://'. This request will be unencrypted, and attackers could listen into traffic on the network and be able to obtain sensitive information. Use 'https://' instead."
891d6164ded43fc1f0ae70020f35eb35,original,python,1,37,5,files.python.rules.flask.security.audit.avoid_app_run_with_bad_host,Running flask app with host 0.0.0.0 could expose the server publicly.
894bf09e72a3ef25f67bbaec46a77830,original,python,0,1,1,files.python.rules.lang.security.use-defused-xml,"The Python documentation recommends using `defusedxml` instead of `xml` because the native Python `xml` library is vulnerable to XML External Entity (XXE) attacks. These attacks can leak confidential data and ""XML bombs"" can cause denial of service."
894bf09e72a3ef25f67bbaec46a77830,original,python,0,7,12,files.python.rules.lang.security.use-defused-xml-parse,"The native Python `xml` library is vulnerable to XML External Entity (XXE) attacks.  These attacks can leak confidential data and ""XML bombs"" can cause denial of service. Do not use this library to parse untrusted input. Instead  the Python documentation recommends using `defusedxml`."
8adeab0e60b6af2571a2c839fe348310,original,python,0,46,21,files.python.rules.lang.security.use-defusedcsv,"Detected the generation of a CSV file using the built-in `csv` module. If user data is used to generate the data in this file, it is possible that an attacker could inject a formula when the CSV is imported into a spreadsheet application that runs an attacker script, which could steal data from the importing user or, at worst, install malware on the user's computer. `defusedcsv` is a drop-in replacement with the same API that will attempt to mitigate formula injection attempts. You can use `defusedcsv` instead of `csv` to safely generate CSVs."
8c442b8f205f50811a012a3bbe7d93f6,original,python,1,61,5,files.python.rules.flask.security.audit.debug-enabled,"Detected Flask app with debug=True. Do not deploy to production with this flag enabled as it will leak sensitive information. Instead, consider using Flask configuration variables or setting 'debug' using system environment variables."
8e536fa9ae900bdeffa9a377be9bee62,original,python,0,13,9,files.python.rules.lang.security.audit.dangerous-subprocess-use-audit,"Detected subprocess function 'run' without a static string. If this data can be controlled by a malicious actor, it may be an instance of command injection. Audit the use of this call to ensure it is not controllable by an external resource. You may consider using 'shlex.escape()'."
8e536fa9ae900bdeffa9a377be9bee62,original,python,0,13,51,files.python.rules.lang.security.audit.subprocess-shell-true,"Found 'subprocess' function 'run' with 'shell=True'. This is dangerous because this call will spawn the command using a shell process. Doing so propagates current shell settings and variables, which makes it much easier for a malicious actor to execute commands. Use 'shell=False' instead."
905af0a5dc848276b4b2651234bf834a,original,python,0,14,9,files.python.rules.lang.security.audit.dangerous-subprocess-use-audit,"Detected subprocess function 'call' without a static string. If this data can be controlled by a malicious actor, it may be an instance of command injection. Audit the use of this call to ensure it is not controllable by an external resource. You may consider using 'shlex.escape()'."
905af0a5dc848276b4b2651234bf834a,original,python,0,14,66,files.python.rules.lang.security.audit.subprocess-shell-true,"Found 'subprocess' function 'call' with 'shell=True'. This is dangerous because this call will spawn the command using a shell process. Doing so propagates current shell settings and variables, which makes it much easier for a malicious actor to execute commands. Use 'shell=False' instead."
905af0a5dc848276b4b2651234bf834a,original,python,0,22,9,files.python.rules.lang.security.audit.dangerous-subprocess-use-audit,"Detected subprocess function 'Popen' without a static string. If this data can be controlled by a malicious actor, it may be an instance of command injection. Audit the use of this call to ensure it is not controllable by an external resource. You may consider using 'shlex.escape()'."
905af0a5dc848276b4b2651234bf834a,original,python,0,22,46,files.python.rules.lang.security.audit.subprocess-shell-true,"Found 'subprocess' function 'Popen' with 'shell=True'. This is dangerous because this call will spawn the command using a shell process. Doing so propagates current shell settings and variables, which makes it much easier for a malicious actor to execute commands. Use 'shell=False' instead."
90a469cb9507ba6da344ed4898ad339d,original,python,0,70,5,files.python.rules.flask.security.audit.debug-enabled,"Detected Flask app with debug=True. Do not deploy to production with this flag enabled as it will leak sensitive information. Instead, consider using Flask configuration variables or setting 'debug' using system environment variables."
915465a94fd183a74e23f8dfe0a2dad4,original,python,1,9,33,files.python.rules.lang.security.audit.insecure-transport.requests.request-with-http,"Detected a request using 'http://'. This request will be unencrypted, and attackers could listen into traffic on the network and be able to obtain sensitive information. Use 'https://' instead."
915465a94fd183a74e23f8dfe0a2dad4,original,python,2,6,33,files.python.rules.lang.security.audit.insecure-transport.requests.request-with-http,"Detected a request using 'http://'. This request will be unencrypted, and attackers could listen into traffic on the network and be able to obtain sensitive information. Use 'https://' instead."
91710ccb4bb416226064702d7600f683,original,python,0,11,14,files.python.rules.lang.security.use-defusedcsv,"Detected the generation of a CSV file using the built-in `csv` module. If user data is used to generate the data in this file, it is possible that an attacker could inject a formula when the CSV is imported into a spreadsheet application that runs an attacker script, which could steal data from the importing user or, at worst, install malware on the user's computer. `defusedcsv` is a drop-in replacement with the same API that will attempt to mitigate formula injection attempts. You can use `defusedcsv` instead of `csv` to safely generate CSVs."
91841c8815d093fc649a3aae6be77b67,original,python,0,7,15,files.python.rules.lang.security.deserialization.avoid-pickle,"Avoid using `pickle`, which is known to lead to code execution vulnerabilities. When unpickling, the serialized data could be manipulated to run arbitrary code. Instead, consider serializing the relevant data as JSON or a similar text-based serialization format."
91841c8815d093fc649a3aae6be77b67,original,python,2,2,5,files.python.rules.lang.security.deserialization.avoid-pickle,"Avoid using `pickle`, which is known to lead to code execution vulnerabilities. When unpickling, the serialized data could be manipulated to run arbitrary code. Instead, consider serializing the relevant data as JSON or a similar text-based serialization format."
91841c8815d093fc649a3aae6be77b67,original,python,3,5,15,files.python.rules.lang.security.deserialization.avoid-pickle,"Avoid using `pickle`, which is known to lead to code execution vulnerabilities. When unpickling, the serialized data could be manipulated to run arbitrary code. Instead, consider serializing the relevant data as JSON or a similar text-based serialization format."
91841c8815d093fc649a3aae6be77b67,original,python,3,24,5,files.python.rules.lang.security.deserialization.avoid-pickle,"Avoid using `pickle`, which is known to lead to code execution vulnerabilities. When unpickling, the serialized data could be manipulated to run arbitrary code. Instead, consider serializing the relevant data as JSON or a similar text-based serialization format."
92788623ca43a31d7c831d858678b649,original,python,1,19,5,files.python.rules.flask.security.audit.debug-enabled,"Detected Flask app with debug=True. Do not deploy to production with this flag enabled as it will leak sensitive information. Instead, consider using Flask configuration variables or setting 'debug' using system environment variables."
95729c406479dd6df777235bac4c51a6,original,python,0,29,8,files.python.rules.lang.security.audit.httpsconnection-detected,"The HTTPSConnection API has changed frequently with minor releases of Python. Ensure you are using the API for your version of Python securely. For example, Python 3 versions prior to 3.4.3 will not verify SSL certificates by default. See https://docs.python.org/3/library/http.client.html#http.client.HTTPSConnection for more information."
95c4bcfc963c3f4770b3a5f43edec11d,original,python,0,20,5,files.python.rules.flask.security.audit.debug-enabled,"Detected Flask app with debug=True. Do not deploy to production with this flag enabled as it will leak sensitive information. Instead, consider using Flask configuration variables or setting 'debug' using system environment variables."
95f77894430ac1abf27838408adb91fe,original,python,2,7,1,files.python.rules.flask.security.audit.avoid_hardcoded_config_SECRET_KEY,Hardcoded variable `SECRET_KEY` detected. Use environment variables or config files instead
95f77894430ac1abf27838408adb91fe,original,python,2,80,5,files.python.rules.flask.security.audit.debug-enabled,"Detected Flask app with debug=True. Do not deploy to production with this flag enabled as it will leak sensitive information. Instead, consider using Flask configuration variables or setting 'debug' using system environment variables."
96e214b375a4d9c59b94f3b1e7de33a5,original,python,2,7,5,files.python.rules.django.security.audit.unvalidated-password,The password on 'new_user' is being set without validating the password. Call django.contrib.auth.password_validation.validate_password() with validation functions before setting the password. See https://docs.djangoproject.com/en/3.0/topics/auth/passwords/ for more information.
9877d9dc2f0809d8991103562a845b30,original,python,1,9,18,files.python.rules.lang.security.use-defusedcsv,"Detected the generation of a CSV file using the built-in `csv` module. If user data is used to generate the data in this file, it is possible that an attacker could inject a formula when the CSV is imported into a spreadsheet application that runs an attacker script, which could steal data from the importing user or, at worst, install malware on the user's computer. `defusedcsv` is a drop-in replacement with the same API that will attempt to mitigate formula injection attempts. You can use `defusedcsv` instead of `csv` to safely generate CSVs."
9969f505238564db7277bd53a14d8d3c,original,python,0,45,18,files.python.rules.lang.security.use-defusedcsv,"Detected the generation of a CSV file using the built-in `csv` module. If user data is used to generate the data in this file, it is possible that an attacker could inject a formula when the CSV is imported into a spreadsheet application that runs an attacker script, which could steal data from the importing user or, at worst, install malware on the user's computer. `defusedcsv` is a drop-in replacement with the same API that will attempt to mitigate formula injection attempts. You can use `defusedcsv` instead of `csv` to safely generate CSVs."
9aa9d7310017c040cceeb8d608b08d15,original,python,2,42,5,files.python.rules.flask.security.audit.debug-enabled,"Detected Flask app with debug=True. Do not deploy to production with this flag enabled as it will leak sensitive information. Instead, consider using Flask configuration variables or setting 'debug' using system environment variables."
9ccb94b876c1bf9b9b35101ca7abc70f,original,python,1,35,18,files.python.rules.lang.security.use-defusedcsv,"Detected the generation of a CSV file using the built-in `csv` module. If user data is used to generate the data in this file, it is possible that an attacker could inject a formula when the CSV is imported into a spreadsheet application that runs an attacker script, which could steal data from the importing user or, at worst, install malware on the user's computer. `defusedcsv` is a drop-in replacement with the same API that will attempt to mitigate formula injection attempts. You can use `defusedcsv` instead of `csv` to safely generate CSVs."
9d394d96dfaefb97ccab899e9667c710,original,python,0,5,18,files.python.rules.lang.security.use-defusedcsv,"Detected the generation of a CSV file using the built-in `csv` module. If user data is used to generate the data in this file, it is possible that an attacker could inject a formula when the CSV is imported into a spreadsheet application that runs an attacker script, which could steal data from the importing user or, at worst, install malware on the user's computer. `defusedcsv` is a drop-in replacement with the same API that will attempt to mitigate formula injection attempts. You can use `defusedcsv` instead of `csv` to safely generate CSVs."
9f0504c7bc2113acf724088a5fec3d2e,original,python,0,12,20,files.python.rules.lang.security.audit.eval-detected,"Detected the use of eval(). eval() can be dangerous if used to evaluate dynamic content. If this content can be input from outside the program, this may be a code injection vulnerability. Ensure evaluated content is not definable by external sources."
9f0504c7bc2113acf724088a5fec3d2e,original,python,0,18,47,files.python.rules.lang.security.audit.eval-detected,"Detected the use of eval(). eval() can be dangerous if used to evaluate dynamic content. If this content can be input from outside the program, this may be a code injection vulnerability. Ensure evaluated content is not definable by external sources."
a039e3862098c56e95fa39a3e853ac94,original,python,2,21,14,files.python.rules.lang.security.use-defusedcsv,"Detected the generation of a CSV file using the built-in `csv` module. If user data is used to generate the data in this file, it is possible that an attacker could inject a formula when the CSV is imported into a spreadsheet application that runs an attacker script, which could steal data from the importing user or, at worst, install malware on the user's computer. `defusedcsv` is a drop-in replacement with the same API that will attempt to mitigate formula injection attempts. You can use `defusedcsv` instead of `csv` to safely generate CSVs."
a07842b1a28cca9853c88c480edcbfd8,original,python,0,8,15,files.python.rules.lang.security.audit.marshal-usage,The marshal module is not intended to be secure against erroneous or maliciously constructed data. Never unmarshal data received from an untrusted or unauthenticated source. See more details: https://docs.python.org/3/library/marshal.html?highlight=security
a07842b1a28cca9853c88c480edcbfd8,original,python,2,6,15,files.python.rules.lang.security.audit.marshal-usage,The marshal module is not intended to be secure against erroneous or maliciously constructed data. Never unmarshal data received from an untrusted or unauthenticated source. See more details: https://docs.python.org/3/library/marshal.html?highlight=security
a0f78af2d78cb4c7b4a0f07191fdf5c5,original,python,0,14,12,files.python.rules.lang.security.insecure-hash-algorithm-sha1,Detected SHA1 hash algorithm which is considered insecure. SHA1 is not collision resistant and is therefore not suitable as a cryptographic signature. Use SHA256 or SHA3 instead.
a10e38a5d5b52279cb6c2139267f8f6d,original,python,0,26,40,files.python.rules.lang.security.PYTHON_WEAK_RNG_UNQUALIFIED,"Weak RNG detected: Unqualified call to random function (e.g. randint, random)."
a17dda7b46d16c9625a3540823992f0a,original,python,2,40,8,files.python.rules.flask.security.audit.debug-enabled,"Detected Flask app with debug=True. Do not deploy to production with this flag enabled as it will leak sensitive information. Instead, consider using Flask configuration variables or setting 'debug' using system environment variables."
a37f84630bb6e60d9ab93ec48f196e6a,original,python,0,72,5,files.python.rules.flask.security.audit.avoid_app_run_with_bad_host,Running flask app with host 0.0.0.0 could expose the server publicly.
a37f84630bb6e60d9ab93ec48f196e6a,original,python,1,36,37,files.python.rules.lang.security.audit.insecure-transport.requests.request-with-http,"Detected a request using 'http://'. This request will be unencrypted, and attackers could listen into traffic on the network and be able to obtain sensitive information. Use 'https://' instead."
a430063e3a16050cc76c6c7ee7c8ddc7,original,python,0,15,26,files.python.rules.lang.security.use-defusedcsv,"Detected the generation of a CSV file using the built-in `csv` module. If user data is used to generate the data in this file, it is possible that an attacker could inject a formula when the CSV is imported into a spreadsheet application that runs an attacker script, which could steal data from the importing user or, at worst, install malware on the user's computer. `defusedcsv` is a drop-in replacement with the same API that will attempt to mitigate formula injection attempts. You can use `defusedcsv` instead of `csv` to safely generate CSVs."
a57366464f4439a1c8c179a814be27e0,original,python,1,9,13,files.python.rules.lang.security.audit.dangerous-subprocess-use-audit,"Detected subprocess function 'check_output' without a static string. If this data can be controlled by a malicious actor, it may be an instance of command injection. Audit the use of this call to ensure it is not controllable by an external resource. You may consider using 'shlex.escape()'."
a5aed7cb6398d7525266281e8620adc8,original,python,0,32,18,files.python.rules.lang.security.use-defusedcsv,"Detected the generation of a CSV file using the built-in `csv` module. If user data is used to generate the data in this file, it is possible that an attacker could inject a formula when the CSV is imported into a spreadsheet application that runs an attacker script, which could steal data from the importing user or, at worst, install malware on the user's computer. `defusedcsv` is a drop-in replacement with the same API that will attempt to mitigate formula injection attempts. You can use `defusedcsv` instead of `csv` to safely generate CSVs."
a6945980fd0c4eab624820b59cd255a7,original,python,1,21,5,files.python.rules.flask.security.audit.debug-enabled,"Detected Flask app with debug=True. Do not deploy to production with this flag enabled as it will leak sensitive information. Instead, consider using Flask configuration variables or setting 'debug' using system environment variables."
aa46bcca415e7c0e17caa7b354b17b69,original,python,2,21,30,files.python.rules.lang.security.audit.insecure-transport.requests.request-with-http,"Detected a request using 'http://'. This request will be unencrypted, and attackers could listen into traffic on the network and be able to obtain sensitive information. Use 'https://' instead."
aa51deaa61459ce12618c408f01348fc,original,python,1,17,5,files.python.rules.flask.security.audit.debug-enabled,"Detected Flask app with debug=True. Do not deploy to production with this flag enabled as it will leak sensitive information. Instead, consider using Flask configuration variables or setting 'debug' using system environment variables."
aac208f8923bf71e7ab49de642e84d56,original,python,0,25,9,files.python.rules.django.security.injection.sql.sql-injection-db-cursor-execute,"User-controlled data from a request is passed to 'execute()'. This could lead to a SQL injection and therefore protected information could be leaked. Instead, use django's QuerySets, which are built with query parameterization and therefore not vulnerable to sql injection. For example, you could use `Entry.objects.filter(date=2006)`."
aac208f8923bf71e7ab49de642e84d56,original,python,0,66,5,files.python.rules.django.security.injection.sql.sql-injection-db-cursor-execute,"User-controlled data from a request is passed to 'execute()'. This could lead to a SQL injection and therefore protected information could be leaked. Instead, use django's QuerySets, which are built with query parameterization and therefore not vulnerable to sql injection. For example, you could use `Entry.objects.filter(date=2006)`."
aac208f8923bf71e7ab49de642e84d56,original,python,0,76,9,files.python.rules.django.security.injection.sql.sql-injection-db-cursor-execute,"User-controlled data from a request is passed to 'execute()'. This could lead to a SQL injection and therefore protected information could be leaked. Instead, use django's QuerySets, which are built with query parameterization and therefore not vulnerable to sql injection. For example, you could use `Entry.objects.filter(date=2006)`."
aac208f8923bf71e7ab49de642e84d56,original,python,0,77,9,files.python.rules.django.security.injection.sql.sql-injection-db-cursor-execute,"User-controlled data from a request is passed to 'execute()'. This could lead to a SQL injection and therefore protected information could be leaked. Instead, use django's QuerySets, which are built with query parameterization and therefore not vulnerable to sql injection. For example, you could use `Entry.objects.filter(date=2006)`."
aac208f8923bf71e7ab49de642e84d56,original,python,0,78,9,files.python.rules.django.security.injection.sql.sql-injection-db-cursor-execute,"User-controlled data from a request is passed to 'execute()'. This could lead to a SQL injection and therefore protected information could be leaked. Instead, use django's QuerySets, which are built with query parameterization and therefore not vulnerable to sql injection. For example, you could use `Entry.objects.filter(date=2006)`."
ab87703004e4fef20967461a532272de,original,python,3,55,5,files.python.rules.flask.security.audit.debug-enabled,"Detected Flask app with debug=True. Do not deploy to production with this flag enabled as it will leak sensitive information. Instead, consider using Flask configuration variables or setting 'debug' using system environment variables."
ac2fe664082fad3dc8adbe56212aead7,original,python,1,18,5,files.python.rules.flask.security.audit.debug-enabled,"Detected Flask app with debug=True. Do not deploy to production with this flag enabled as it will leak sensitive information. Instead, consider using Flask configuration variables or setting 'debug' using system environment variables."
ac47389d9bc3f1a97eb87686e02e8cc1,original,python,0,79,5,files.python.rules.lang.security.deserialization.avoid-pickle,"Avoid using `pickle`, which is known to lead to code execution vulnerabilities. When unpickling, the serialized data could be manipulated to run arbitrary code. Instead, consider serializing the relevant data as JSON or a similar text-based serialization format."
ac47389d9bc3f1a97eb87686e02e8cc1,original,python,0,83,5,files.python.rules.lang.security.deserialization.avoid-pickle,"Avoid using `pickle`, which is known to lead to code execution vulnerabilities. When unpickling, the serialized data could be manipulated to run arbitrary code. Instead, consider serializing the relevant data as JSON or a similar text-based serialization format."
ad04c723593596d6a550b9afb317a08c,original,python,1,32,5,files.python.rules.flask.security.audit.debug-enabled,"Detected Flask app with debug=True. Do not deploy to production with this flag enabled as it will leak sensitive information. Instead, consider using Flask configuration variables or setting 'debug' using system environment variables."
ad04c723593596d6a550b9afb317a08c,original,python,3,18,5,files.python.rules.flask.security.audit.debug-enabled,"Detected Flask app with debug=True. Do not deploy to production with this flag enabled as it will leak sensitive information. Instead, consider using Flask configuration variables or setting 'debug' using system environment variables."
ad1aaf0f0ed9f63a59e0c8e1b8e35ec3,original,python,0,10,26,files.python.rules.lang.security.audit.insecure-transport.requests.request-with-http,"Detected a request using 'http://'. This request will be unencrypted, and attackers could listen into traffic on the network and be able to obtain sensitive information. Use 'https://' instead."
ae4375f8c1a7676bcc86f7ac61daa003,original,python,0,2,1,files.python.rules.lang.security.use-defused-xml,"The Python documentation recommends using `defusedxml` instead of `xml` because the native Python `xml` library is vulnerable to XML External Entity (XXE) attacks. These attacks can leak confidential data and ""XML bombs"" can cause denial of service."
ae4375f8c1a7676bcc86f7ac61daa003,original,python,0,18,28,files.python.rules.lang.security.use-defused-xml-parse,"The native Python `xml` library is vulnerable to XML External Entity (XXE) attacks.  These attacks can leak confidential data and ""XML bombs"" can cause denial of service. Do not use this library to parse untrusted input. Instead  the Python documentation recommends using `defusedxml`."
af10bc41ce78faaf1ab5031cb79e0774,original,python,0,18,21,files.python.rules.lang.security.audit.dangerous-asyncio-create-exec-audit,"Detected 'create_subprocess_exec' function without a static string. If this data can be controlled by a malicious actor, it may be an instance of command injection. Audit the use of this call to ensure it is not controllable by an external resource. You may consider using 'shlex.escape()'."
b09c7a8b79f728c5e12dc7bc48e2184c,original,python,0,64,5,files.python.rules.flask.security.audit.debug-enabled,"Detected Flask app with debug=True. Do not deploy to production with this flag enabled as it will leak sensitive information. Instead, consider using Flask configuration variables or setting 'debug' using system environment variables."
b107e1391ff1d2e109b7a644f0fb8f1e,original,python,0,7,1,files.python.rules.flask.security.audit.avoid_hardcoded_config_SECRET_KEY,Hardcoded variable `SECRET_KEY` detected. Use environment variables or config files instead
b34043702435fac520b51376130b27b1,original,python,0,19,5,files.python.rules.flask.security.audit.avoid_app_run_with_bad_host,Running flask app with host 0.0.0.0 could expose the server publicly.
b34043702435fac520b51376130b27b1,original,python,1,22,5,files.python.rules.flask.security.audit.avoid_app_run_with_bad_host,Running flask app with host 0.0.0.0 could expose the server publicly.
b3781317927acffd66aa781e4883f45a,original,python,0,70,16,files.python.rules.flask.security.audit.xss.make-response-with-unknown-content,"Be careful with `flask.make_response()`. If this response is rendered onto a webpage, this could create a cross-site scripting (XSS) vulnerability. `flask.make_response()` will not autoescape HTML. If you are rendering HTML, write your HTML in a template file and use `flask.render_template()` which will take care of escaping. If you are returning data from an API, consider using `flask.jsonify()`."
b3781317927acffd66aa781e4883f45a,original,python,0,75,5,files.python.rules.flask.security.audit.debug-enabled,"Detected Flask app with debug=True. Do not deploy to production with this flag enabled as it will leak sensitive information. Instead, consider using Flask configuration variables or setting 'debug' using system environment variables."
b4e1de8adcbfe54aece79822f639801a,original,python,1,24,5,files.python.rules.flask.security.audit.debug-enabled,"Detected Flask app with debug=True. Do not deploy to production with this flag enabled as it will leak sensitive information. Instead, consider using Flask configuration variables or setting 'debug' using system environment variables."
b5842570f613c52db20777619e6e1ca9,original,python,1,9,25,files.python.rules.lang.security.audit.insecure-transport.requests.request-with-http,"Detected a request using 'http://'. This request will be unencrypted, and attackers could listen into traffic on the network and be able to obtain sensitive information. Use 'https://' instead."
b6bd771fdd2428580f1af14302ac82b7,original,python,0,58,5,files.python.rules.lang.security.deserialization.avoid-pickle,"Avoid using `pickle`, which is known to lead to code execution vulnerabilities. When unpickling, the serialized data could be manipulated to run arbitrary code. Instead, consider serializing the relevant data as JSON or a similar text-based serialization format."
b79be184c8397a1a3339265821d6f76e,original,python,1,28,16,files.python.rules.flask.security.open-redirect,"Data from request is passed to redirect(). This is an open redirect and could be exploited. Consider using 'url_for()' to generate links to known locations. If you must use a URL to unknown pages, consider using 'urlparse()' or similar and checking if the 'netloc' property is the same as your site's host name. See the references for more information."
b79be184c8397a1a3339265821d6f76e,original,python,1,31,16,files.python.rules.flask.security.open-redirect,"Data from request is passed to redirect(). This is an open redirect and could be exploited. Consider using 'url_for()' to generate links to known locations. If you must use a URL to unknown pages, consider using 'urlparse()' or similar and checking if the 'netloc' property is the same as your site's host name. See the references for more information."
b79be184c8397a1a3339265821d6f76e,original,python,1,53,5,files.python.rules.flask.security.audit.debug-enabled,"Detected Flask app with debug=True. Do not deploy to production with this flag enabled as it will leak sensitive information. Instead, consider using Flask configuration variables or setting 'debug' using system environment variables."
b7a4c610e81f8f0ae0e0cb6e853a5d7a,original,python,1,21,21,files.python.rules.lang.security.deserialization.avoid-pickle,"Avoid using `pickle`, which is known to lead to code execution vulnerabilities. When unpickling, the serialized data could be manipulated to run arbitrary code. Instead, consider serializing the relevant data as JSON or a similar text-based serialization format."
b7a4c610e81f8f0ae0e0cb6e853a5d7a,original,python,1,32,13,files.python.rules.lang.security.deserialization.avoid-pickle,"Avoid using `pickle`, which is known to lead to code execution vulnerabilities. When unpickling, the serialized data could be manipulated to run arbitrary code. Instead, consider serializing the relevant data as JSON or a similar text-based serialization format."
b9411c26e2050f18f144329ea61b58b5,original,python,0,1,1,files.python.rules.lang.security.use-defused-xml,"The Python documentation recommends using `defusedxml` instead of `xml` because the native Python `xml` library is vulnerable to XML External Entity (XXE) attacks. These attacks can leak confidential data and ""XML bombs"" can cause denial of service."
b9411c26e2050f18f144329ea61b58b5,original,python,0,10,12,files.python.rules.lang.security.use-defused-xml-parse,"The native Python `xml` library is vulnerable to XML External Entity (XXE) attacks.  These attacks can leak confidential data and ""XML bombs"" can cause denial of service. Do not use this library to parse untrusted input. Instead  the Python documentation recommends using `defusedxml`."
ba445ee1680da129a25049dd4071fe5f,original,python,1,15,9,files.python.rules.flask.security.audit.directly-returned-format-string,Detected Flask route directly returning a formatted string. This is subject to cross-site scripting if user input can reach the string. Consider using the template engine instead and rendering pages with 'render_template()'.
baef4522395a2963596361b6d9028729,original,python,0,11,5,files.python.rules.lang.security.audit.dangerous-subprocess-use-audit,"Detected subprocess function 'run' without a static string. If this data can be controlled by a malicious actor, it may be an instance of command injection. Audit the use of this call to ensure it is not controllable by an external resource. You may consider using 'shlex.escape()'."
bb6973e2cb394582e2593fc06037f535,original,python,0,74,5,files.python.rules.flask.security.audit.avoid_app_run_with_bad_host,Running flask app with host 0.0.0.0 could expose the server publicly.
bbf512a7f28b0512874ea51ddd8419ee,original,python,0,1,1,files.python.rules.sqlalchemy.security.sqlalchemy-execute-raw-query,"Avoiding SQL string concatenation: untrusted input concatenated with raw SQL query can result in SQL Injection. In order to execute raw query safely, prepared statement should be used. SQLAlchemy provides TextualSQL to easily used prepared statement with named parameters. For complex SQL composition, use SQL Expression Language or Schema Definition Language. In most cases, SQLAlchemy ORM will be a better option."
bc4499cbfdd34783bfd549ab14db5464,original,python,1,21,16,files.python.rules.lang.security.insecure-hash-algorithm-md5,Detected MD5 hash algorithm which is considered insecure. MD5 is not collision resistant and is therefore not suitable as a cryptographic signature. Use SHA256 or SHA3 instead.
bc6fbba345f4e1cd7869bd0ef9d84933,original,python,1,31,8,files.python.rules.flask.security.audit.debug-enabled,"Detected Flask app with debug=True. Do not deploy to production with this flag enabled as it will leak sensitive information. Instead, consider using Flask configuration variables or setting 'debug' using system environment variables."
bc9d65dceb6eae998161c18c17774b97,original,python,0,42,5,files.python.rules.flask.security.audit.directly-returned-format-string,Detected Flask route directly returning a formatted string. This is subject to cross-site scripting if user input can reach the string. Consider using the template engine instead and rendering pages with 'render_template()'.
bc9d65dceb6eae998161c18c17774b97,original,python,0,52,14,files.python.rules.flask.security.injection.subprocess-injection,"Detected user input entering a `subprocess` call unsafely. This could result in a command injection vulnerability. An attacker could use this vulnerability to execute arbitrary commands on the host, which allows them to download malware, scan sensitive data, or run any command they wish on the server. Do not let users choose the command to run. In general, prefer to use Python API versions of system commands. If you must use subprocess, use a dictionary to allowlist a set of commands."
bc9d65dceb6eae998161c18c17774b97,original,python,0,52,14,files.python.rules.lang.security.audit.dangerous-subprocess-use-audit,"Detected subprocess function 'run' without a static string. If this data can be controlled by a malicious actor, it may be an instance of command injection. Audit the use of this call to ensure it is not controllable by an external resource. You may consider using 'shlex.escape()'."
bc9d65dceb6eae998161c18c17774b97,original,python,0,52,29,files.python.rules.lang.security.dangerous-subprocess-use,Detected subprocess function 'run' with user controlled data. A malicious actor could leverage this to perform command injection. You may consider using 'shlex.escape()'.
bc9d65dceb6eae998161c18c17774b97,original,python,0,52,44,files.python.rules.lang.security.audit.subprocess-shell-true,"Found 'subprocess' function 'run' with 'shell=True'. This is dangerous because this call will spawn the command using a shell process. Doing so propagates current shell settings and variables, which makes it much easier for a malicious actor to execute commands. Use 'shell=False' instead."
bc9d65dceb6eae998161c18c17774b97,original,python,0,69,5,files.python.rules.flask.security.audit.debug-enabled,"Detected Flask app with debug=True. Do not deploy to production with this flag enabled as it will leak sensitive information. Instead, consider using Flask configuration variables or setting 'debug' using system environment variables."
bd9155003f531916a4aa53844c28ada2,original,python,0,33,18,files.python.rules.lang.security.use-defusedcsv,"Detected the generation of a CSV file using the built-in `csv` module. If user data is used to generate the data in this file, it is possible that an attacker could inject a formula when the CSV is imported into a spreadsheet application that runs an attacker script, which could steal data from the importing user or, at worst, install malware on the user's computer. `defusedcsv` is a drop-in replacement with the same API that will attempt to mitigate formula injection attempts. You can use `defusedcsv` instead of `csv` to safely generate CSVs."
c2d4936c60424edaaa2a6c96507541a4,original,python,0,8,25,files.python.rules.lang.security.audit.insecure-transport.requests.request-with-http,"Detected a request using 'http://'. This request will be unencrypted, and attackers could listen into traffic on the network and be able to obtain sensitive information. Use 'https://' instead."
c3016f13743bd4e2a67fac435bd48b2c,original,python,3,72,5,files.python.rules.flask.security.audit.debug-enabled,"Detected Flask app with debug=True. Do not deploy to production with this flag enabled as it will leak sensitive information. Instead, consider using Flask configuration variables or setting 'debug' using system environment variables."
c30d652795feb0692a49c54f7832dde5,original,python,1,35,18,files.python.rules.lang.security.use-defusedcsv,"Detected the generation of a CSV file using the built-in `csv` module. If user data is used to generate the data in this file, it is possible that an attacker could inject a formula when the CSV is imported into a spreadsheet application that runs an attacker script, which could steal data from the importing user or, at worst, install malware on the user's computer. `defusedcsv` is a drop-in replacement with the same API that will attempt to mitigate formula injection attempts. You can use `defusedcsv` instead of `csv` to safely generate CSVs."
c40b569af7c8890c2cc552163283d9f9,original,python,0,13,16,files.python.rules.lang.security.audit.dangerous-subprocess-use-audit,"Detected subprocess function 'run' without a static string. If this data can be controlled by a malicious actor, it may be an instance of command injection. Audit the use of this call to ensure it is not controllable by an external resource. You may consider using 'shlex.escape()'."
c4223382156c6fd6d6710acf32b8812e,original,python,0,53,5,files.python.rules.flask.security.audit.debug-enabled,"Detected Flask app with debug=True. Do not deploy to production with this flag enabled as it will leak sensitive information. Instead, consider using Flask configuration variables or setting 'debug' using system environment variables."
c4e1bf9d54654d640cbba2fd2c7fd7bc,original,python,2,25,5,files.python.rules.django.security.injection.ssrf.ssrf-injection-requests,"Data from request object is passed to a new server-side request. This could lead to a server-side request forgery (SSRF). To mitigate, ensure that schemes and hosts are validated against an allowlist, do not forward the response to the user, and ensure proper authentication and transport-layer security in the proxied request. See https://owasp.org/www-community/attacks/Server_Side_Request_Forgery to learn more about SSRF vulnerabilities."
c4e1bf9d54654d640cbba2fd2c7fd7bc,original,python,2,29,20,files.python.rules.flask.security.injection.ssrf-requests,"Data from request object is passed to a new server-side request. This could lead to a server-side request forgery (SSRF). To mitigate, ensure that schemes and hosts are validated against an allowlist, do not forward the response to the user, and ensure proper authentication and transport-layer security in the proxied request."
c4e1bf9d54654d640cbba2fd2c7fd7bc,original,python,2,29,20,files.python.rules.requests.security.disabled-cert-validation,Certificate verification has been explicitly disabled. This permits insecure connections to insecure servers. Re-enable certification validation.
c4e1bf9d54654d640cbba2fd2c7fd7bc,original,python,2,31,20,files.python.rules.flask.security.injection.ssrf-requests,"Data from request object is passed to a new server-side request. This could lead to a server-side request forgery (SSRF). To mitigate, ensure that schemes and hosts are validated against an allowlist, do not forward the response to the user, and ensure proper authentication and transport-layer security in the proxied request."
c4e1bf9d54654d640cbba2fd2c7fd7bc,original,python,2,31,20,files.python.rules.requests.security.disabled-cert-validation,Certificate verification has been explicitly disabled. This permits insecure connections to insecure servers. Re-enable certification validation.
c4e1bf9d54654d640cbba2fd2c7fd7bc,original,python,2,37,5,files.python.rules.flask.security.audit.debug-enabled,"Detected Flask app with debug=True. Do not deploy to production with this flag enabled as it will leak sensitive information. Instead, consider using Flask configuration variables or setting 'debug' using system environment variables."
c774e496eba328cd5ef0ef6a45b48e91,original,python,1,16,5,files.python.rules.flask.security.audit.debug-enabled,"Detected Flask app with debug=True. Do not deploy to production with this flag enabled as it will leak sensitive information. Instead, consider using Flask configuration variables or setting 'debug' using system environment variables."
c774e496eba328cd5ef0ef6a45b48e91,original,python,2,14,5,files.python.rules.flask.security.audit.debug-enabled,"Detected Flask app with debug=True. Do not deploy to production with this flag enabled as it will leak sensitive information. Instead, consider using Flask configuration variables or setting 'debug' using system environment variables."
c8d2c4173699896081115c05496adb0c,original,python,0,32,13,files.python.rules.lang.security.audit.dangerous-spawn-process-audit,Found dynamic content when spawning a process. This is dangerous if external data can reach this function call because it allows a malicious actor to execute commands. Ensure no external data reaches here.
c8d2c4173699896081115c05496adb0c,original,python,0,48,22,files.python.rules.lang.security.audit.dangerous-subprocess-use-audit,"Detected subprocess function 'run' without a static string. If this data can be controlled by a malicious actor, it may be an instance of command injection. Audit the use of this call to ensure it is not controllable by an external resource. You may consider using 'shlex.escape()'."
c8d2c4173699896081115c05496adb0c,original,python,0,48,58,files.python.rules.lang.security.audit.subprocess-shell-true,"Found 'subprocess' function 'run' with 'shell=True'. This is dangerous because this call will spawn the command using a shell process. Doing so propagates current shell settings and variables, which makes it much easier for a malicious actor to execute commands. Use 'shell=False' instead."
c8d2c4173699896081115c05496adb0c,original,python,0,58,5,files.python.rules.lang.security.audit.dangerous-os-exec-audit,Found dynamic content when spawning a process. This is dangerous if external data can reach this function call because it allows a malicious actor to execute commands. Ensure no external data reaches here.
c8d2c4173699896081115c05496adb0c,original,python,0,58,5,files.python.rules.lang.security.audit.dangerous-os-exec-tainted-env-args,Found user controlled content when spawning a process. This is dangerous because it allows a malicious actor to execute commands.
c9233dcf9e478cedaaa14c4da8208e38,original,python,2,9,1,files.python.rules.django.security.audit.django-rest-framework.missing-throttle-config,Django REST framework configuration is missing default rate- limiting options. This could inadvertently allow resource starvation or Denial of Service (DoS) attacks. Add 'DEFAULT_THROTTLE_CLASSES' and 'DEFAULT_THROTTLE_RATES' to add rate-limiting to your application.
cdfbd26f49d2920c253fb3defd5fed30,original,python,1,33,26,files.python.rules.lang.security.audit.eval-detected,"Detected the use of eval(). eval() can be dangerous if used to evaluate dynamic content. If this content can be input from outside the program, this may be a code injection vulnerability. Ensure evaluated content is not definable by external sources."
d0b000eb6f1e981bd17d9f4fcfecb77b,original,python,1,7,21,files.python.rules.lang.security.deserialization.avoid-pickle,"Avoid using `pickle`, which is known to lead to code execution vulnerabilities. When unpickling, the serialized data could be manipulated to run arbitrary code. Instead, consider serializing the relevant data as JSON or a similar text-based serialization format."
d1eb5d07bf92ed64c08e83df0bcdf81a,original,python,0,17,14,files.python.rules.lang.security.use-defusedcsv,"Detected the generation of a CSV file using the built-in `csv` module. If user data is used to generate the data in this file, it is possible that an attacker could inject a formula when the CSV is imported into a spreadsheet application that runs an attacker script, which could steal data from the importing user or, at worst, install malware on the user's computer. `defusedcsv` is a drop-in replacement with the same API that will attempt to mitigate formula injection attempts. You can use `defusedcsv` instead of `csv` to safely generate CSVs."
d3ce8c6d1bdf119dd413d0667faf5f56,original,python,0,30,5,files.python.rules.flask.security.audit.debug-enabled,"Detected Flask app with debug=True. Do not deploy to production with this flag enabled as it will leak sensitive information. Instead, consider using Flask configuration variables or setting 'debug' using system environment variables."
d460610e957e32aa88d90abec996811d,original,python,0,59,36,files.python.rules.lang.security.PYTHON_WEAK_RNG_UNQUALIFIED,"Weak RNG detected: Unqualified call to random function (e.g. randint, random)."
d66d177142ecd305916b87714e7e1aee,original,python,0,85,18,files.python.rules.lang.security.use-defusedcsv,"Detected the generation of a CSV file using the built-in `csv` module. If user data is used to generate the data in this file, it is possible that an attacker could inject a formula when the CSV is imported into a spreadsheet application that runs an attacker script, which could steal data from the importing user or, at worst, install malware on the user's computer. `defusedcsv` is a drop-in replacement with the same API that will attempt to mitigate formula injection attempts. You can use `defusedcsv` instead of `csv` to safely generate CSVs."
d69c91c7410c51a8a9dd4db3e8e6f0e2,original,python,0,19,5,files.python.rules.lang.security.audit.dangerous-system-call-audit,"Found dynamic content used in a system call. This is dangerous if external data can reach this function call because it allows a malicious actor to execute commands. Use the 'subprocess' module instead, which is easier to use without accidentally exposing a command injection vulnerability."
d8d9d403450739f8f85c46eaa86bcf28,original,python,0,113,5,files.python.rules.flask.security.audit.debug-enabled,"Detected Flask app with debug=True. Do not deploy to production with this flag enabled as it will leak sensitive information. Instead, consider using Flask configuration variables or setting 'debug' using system environment variables."
db79eb4976e52b6c06209c286ce4283e,original,python,0,1,1,files.python.rules.lang.security.use-defused-xml,"The Python documentation recommends using `defusedxml` instead of `xml` because the native Python `xml` library is vulnerable to XML External Entity (XXE) attacks. These attacks can leak confidential data and ""XML bombs"" can cause denial of service."
dd42a864f91ddaaeafbc45667656f3b8,original,python,0,1,26,files.python.rules.lang.security.audit.insecure-transport.requests.request-with-http,"Detected a request using 'http://'. This request will be unencrypted, and attackers could listen into traffic on the network and be able to obtain sensitive information. Use 'https://' instead."
dd471e2b479fbfaa2c3dedb1ea39c4d8,original,python,0,35,18,files.python.rules.lang.security.use-defusedcsv,"Detected the generation of a CSV file using the built-in `csv` module. If user data is used to generate the data in this file, it is possible that an attacker could inject a formula when the CSV is imported into a spreadsheet application that runs an attacker script, which could steal data from the importing user or, at worst, install malware on the user's computer. `defusedcsv` is a drop-in replacement with the same API that will attempt to mitigate formula injection attempts. You can use `defusedcsv` instead of `csv` to safely generate CSVs."
e0d63c65e30aeb6ede28bd84ddb6c152,original,python,1,9,13,files.python.rules.lang.security.audit.dangerous-subprocess-use-audit,"Detected subprocess function 'check_output' without a static string. If this data can be controlled by a malicious actor, it may be an instance of command injection. Audit the use of this call to ensure it is not controllable by an external resource. You may consider using 'shlex.escape()'."
e116e642df00b6c91e2d22cbc69e7334,original,python,1,54,5,files.python.rules.flask.security.audit.debug-enabled,"Detected Flask app with debug=True. Do not deploy to production with this flag enabled as it will leak sensitive information. Instead, consider using Flask configuration variables or setting 'debug' using system environment variables."
e1abd279dbe5200b2cd9004d27075ad9,original,python,0,21,18,files.python.rules.lang.security.use-defusedcsv,"Detected the generation of a CSV file using the built-in `csv` module. If user data is used to generate the data in this file, it is possible that an attacker could inject a formula when the CSV is imported into a spreadsheet application that runs an attacker script, which could steal data from the importing user or, at worst, install malware on the user's computer. `defusedcsv` is a drop-in replacement with the same API that will attempt to mitigate formula injection attempts. You can use `defusedcsv` instead of `csv` to safely generate CSVs."
e2658c2c2057f034a0a99f18a6e04a38,original,python,0,8,14,files.python.rules.lang.security.use-defusedcsv,"Detected the generation of a CSV file using the built-in `csv` module. If user data is used to generate the data in this file, it is possible that an attacker could inject a formula when the CSV is imported into a spreadsheet application that runs an attacker script, which could steal data from the importing user or, at worst, install malware on the user's computer. `defusedcsv` is a drop-in replacement with the same API that will attempt to mitigate formula injection attempts. You can use `defusedcsv` instead of `csv` to safely generate CSVs."
e28f8b617e8e5d8a6f087b91d79c1c83,original,python,2,16,24,files.python.rules.lang.security.audit.insecure-transport.requests.request-session-with-http,Detected a request using 'http://'. This request will be unencrypted. Use 'https://' instead.
e2bb254dd9523f610e0bfb70adfa08a9,original,python,2,29,5,files.python.rules.flask.security.audit.debug-enabled,"Detected Flask app with debug=True. Do not deploy to production with this flag enabled as it will leak sensitive information. Instead, consider using Flask configuration variables or setting 'debug' using system environment variables."
e39f94a452031461327f6bef2f915f70,original,python,0,2,1,files.python.rules.lang.security.use-defused-xml,"The Python documentation recommends using `defusedxml` instead of `xml` because the native Python `xml` library is vulnerable to XML External Entity (XXE) attacks. These attacks can leak confidential data and ""XML bombs"" can cause denial of service."
e3f5ed609076909dbfb88ee866cdbbac,original,python,0,34,18,files.python.rules.lang.security.use-defusedcsv,"Detected the generation of a CSV file using the built-in `csv` module. If user data is used to generate the data in this file, it is possible that an attacker could inject a formula when the CSV is imported into a spreadsheet application that runs an attacker script, which could steal data from the importing user or, at worst, install malware on the user's computer. `defusedcsv` is a drop-in replacement with the same API that will attempt to mitigate formula injection attempts. You can use `defusedcsv` instead of `csv` to safely generate CSVs."
e3f5ed609076909dbfb88ee866cdbbac,original,python,1,35,18,files.python.rules.lang.security.use-defusedcsv,"Detected the generation of a CSV file using the built-in `csv` module. If user data is used to generate the data in this file, it is possible that an attacker could inject a formula when the CSV is imported into a spreadsheet application that runs an attacker script, which could steal data from the importing user or, at worst, install malware on the user's computer. `defusedcsv` is a drop-in replacement with the same API that will attempt to mitigate formula injection attempts. You can use `defusedcsv` instead of `csv` to safely generate CSVs."
e564dc2b54b976c916151adbd65c2c5e,original,python,1,25,5,files.python.rules.django.security.injection.sql.sql-injection-db-cursor-execute,"User-controlled data from a request is passed to 'execute()'. This could lead to a SQL injection and therefore protected information could be leaked. Instead, use django's QuerySets, which are built with query parameterization and therefore not vulnerable to sql injection. For example, you could use `Entry.objects.filter(date=2006)`."
e564dc2b54b976c916151adbd65c2c5e,original,python,1,26,5,files.python.rules.django.security.injection.sql.sql-injection-db-cursor-execute,"User-controlled data from a request is passed to 'execute()'. This could lead to a SQL injection and therefore protected information could be leaked. Instead, use django's QuerySets, which are built with query parameterization and therefore not vulnerable to sql injection. For example, you could use `Entry.objects.filter(date=2006)`."
e564dc2b54b976c916151adbd65c2c5e,original,python,1,29,13,files.python.rules.django.security.injection.tainted-sql-string,"Detected user input used to manually construct a SQL string. This is usually bad practice because manual construction could accidentally result in a SQL injection. An attacker could use a SQL injection to steal or modify contents of the database. Instead, use a parameterized query which is available by default in most database engines. Alternatively, consider using the Django object-relational mappers (ORM) instead of raw SQL queries."
e564dc2b54b976c916151adbd65c2c5e,original,python,1,29,13,files.python.rules.flask.security.injection.tainted-sql-string,"Detected user input used to manually construct a SQL string. This is usually bad practice because manual construction could accidentally result in a SQL injection. An attacker could use a SQL injection to steal or modify contents of the database. Instead, use a parameterized query which is available by default in most database engines. Alternatively, consider using an object-relational mapper (ORM) such as SQLAlchemy which will protect your queries."
e564dc2b54b976c916151adbd65c2c5e,original,python,1,33,9,files.python.rules.lang.security.audit.formatted-sql-query,Detected possible formatted SQL query. Use parameterized queries instead.
e564dc2b54b976c916151adbd65c2c5e,original,python,1,33,9,files.python.rules.sqlalchemy.security.sqlalchemy-execute-raw-query,"Avoiding SQL string concatenation: untrusted input concatenated with raw SQL query can result in SQL Injection. In order to execute raw query safely, prepared statement should be used. SQLAlchemy provides TextualSQL to easily used prepared statement with named parameters. For complex SQL composition, use SQL Expression Language or Schema Definition Language. In most cases, SQLAlchemy ORM will be a better option."
e564dc2b54b976c916151adbd65c2c5e,original,python,1,36,12,files.python.rules.flask.security.audit.render-template-string,Found a template created with string formatting. This is susceptible to server-side template injection and cross-site scripting attacks.
e564dc2b54b976c916151adbd65c2c5e,original,python,1,50,12,files.python.rules.flask.security.audit.render-template-string,Found a template created with string formatting. This is susceptible to server-side template injection and cross-site scripting attacks.
e564dc2b54b976c916151adbd65c2c5e,original,python,1,60,5,files.python.rules.flask.security.audit.debug-enabled,"Detected Flask app with debug=True. Do not deploy to production with this flag enabled as it will leak sensitive information. Instead, consider using Flask configuration variables or setting 'debug' using system environment variables."
e62ed0be9b9c29f83bb67b2991185416,original,python,1,2,5,files.python.rules.lang.security.deserialization.avoid-pickle,"Avoid using `pickle`, which is known to lead to code execution vulnerabilities. When unpickling, the serialized data could be manipulated to run arbitrary code. Instead, consider serializing the relevant data as JSON or a similar text-based serialization format."
e62ed0be9b9c29f83bb67b2991185416,original,python,2,6,25,files.python.rules.lang.security.deserialization.avoid-pickle,"Avoid using `pickle`, which is known to lead to code execution vulnerabilities. When unpickling, the serialized data could be manipulated to run arbitrary code. Instead, consider serializing the relevant data as JSON or a similar text-based serialization format."
e7cc3fb7568af489fb231e71105f9136,original,python,0,68,9,files.python.rules.lang.security.deserialization.avoid-pickle,"Avoid using `pickle`, which is known to lead to code execution vulnerabilities. When unpickling, the serialized data could be manipulated to run arbitrary code. Instead, consider serializing the relevant data as JSON or a similar text-based serialization format."
e8c10c75f593e27c6fdbbd305461c4d8,original,python,1,33,9,files.python.rules.lang.security.audit.formatted-sql-query,Detected possible formatted SQL query. Use parameterized queries instead.
e8c10c75f593e27c6fdbbd305461c4d8,original,python,1,33,9,files.python.rules.sqlalchemy.security.sqlalchemy-execute-raw-query,"Avoiding SQL string concatenation: untrusted input concatenated with raw SQL query can result in SQL Injection. In order to execute raw query safely, prepared statement should be used. SQLAlchemy provides TextualSQL to easily used prepared statement with named parameters. For complex SQL composition, use SQL Expression Language or Schema Definition Language. In most cases, SQLAlchemy ORM will be a better option."
e8c10c75f593e27c6fdbbd305461c4d8,original,python,1,43,13,files.python.rules.sqlalchemy.security.sqlalchemy-execute-raw-query,"Avoiding SQL string concatenation: untrusted input concatenated with raw SQL query can result in SQL Injection. In order to execute raw query safely, prepared statement should be used. SQLAlchemy provides TextualSQL to easily used prepared statement with named parameters. For complex SQL composition, use SQL Expression Language or Schema Definition Language. In most cases, SQLAlchemy ORM will be a better option."
e8f0151ef93e6efaafddf2a15d48218f,original,python,0,16,33,files.python.rules.lang.security.audit.insecure-transport.requests.request-with-http,"Detected a request using 'http://'. This request will be unencrypted, and attackers could listen into traffic on the network and be able to obtain sensitive information. Use 'https://' instead."
e8f0151ef93e6efaafddf2a15d48218f,original,python,1,16,33,files.python.rules.lang.security.audit.insecure-transport.requests.request-with-http,"Detected a request using 'http://'. This request will be unencrypted, and attackers could listen into traffic on the network and be able to obtain sensitive information. Use 'https://' instead."
efa8ec9bfea2b60fdf557a6a5bc65cc2,original,python,1,26,5,files.python.rules.flask.security.audit.debug-enabled,"Detected Flask app with debug=True. Do not deploy to production with this flag enabled as it will leak sensitive information. Instead, consider using Flask configuration variables or setting 'debug' using system environment variables."
f03840eb8de3224008ff64c5c355334a,original,python,1,35,5,files.python.rules.flask.security.audit.avoid_app_run_with_bad_host,Running flask app with host 0.0.0.0 could expose the server publicly.
f04beedab47433411cdb8481c72590d2,original,python,0,20,15,files.python.rules.lang.security.audit.eval-detected,"Detected the use of eval(). eval() can be dangerous if used to evaluate dynamic content. If this content can be input from outside the program, this may be a code injection vulnerability. Ensure evaluated content is not definable by external sources."
f06197fa242664fbed6b8a63f1ddf11f,original,python,3,1,1,files.python.rules.lang.security.audit.exec-detected,"Detected the use of exec(). exec() can be dangerous if used to evaluate dynamic content. If this content can be input from outside the program, this may be a code injection vulnerability. Ensure evaluated content is not definable by external sources."
f0aaa97938fdc477cfd6939bb3d9d5bc,original,python,2,9,25,files.python.rules.lang.security.audit.insecure-transport.requests.request-with-http,"Detected a request using 'http://'. This request will be unencrypted, and attackers could listen into traffic on the network and be able to obtain sensitive information. Use 'https://' instead."
f17893e5b8e5ba7c723f599e1156ece0,original,python,1,31,5,files.python.rules.flask.security.audit.debug-enabled,"Detected Flask app with debug=True. Do not deploy to production with this flag enabled as it will leak sensitive information. Instead, consider using Flask configuration variables or setting 'debug' using system environment variables."
f180dca841381fb5ae6dfd866202ee46,original,python,0,55,16,files.python.rules.requests.security.disabled-cert-validation,Certificate verification has been explicitly disabled. This permits insecure connections to insecure servers. Re-enable certification validation.
f180dca841381fb5ae6dfd866202ee46,original,python,0,55,30,files.python.rules.lang.security.audit.insecure-transport.requests.request-with-http,"Detected a request using 'http://'. This request will be unencrypted, and attackers could listen into traffic on the network and be able to obtain sensitive information. Use 'https://' instead."
f2426bf0d0dc575cb71a3a42e7a03f4d,original,python,0,5,12,files.python.rules.lang.security.deserialization.avoid-pickle,"Avoid using `pickle`, which is known to lead to code execution vulnerabilities. When unpickling, the serialized data could be manipulated to run arbitrary code. Instead, consider serializing the relevant data as JSON or a similar text-based serialization format."
f2426bf0d0dc575cb71a3a42e7a03f4d,original,python,2,5,12,files.python.rules.lang.security.deserialization.avoid-pickle,"Avoid using `pickle`, which is known to lead to code execution vulnerabilities. When unpickling, the serialized data could be manipulated to run arbitrary code. Instead, consider serializing the relevant data as JSON or a similar text-based serialization format."
f3683ed756ae8112818a3c42568ae5f2,original,python,0,38,26,files.python.rules.lang.security.audit.eval-detected,"Detected the use of eval(). eval() can be dangerous if used to evaluate dynamic content. If this content can be input from outside the program, this may be a code injection vulnerability. Ensure evaluated content is not definable by external sources."
f4dfef54a9331e515cc8b163a79908c3,original,python,0,15,26,files.python.rules.lang.security.audit.insecure-transport.requests.request-with-http,"Detected a request using 'http://'. This request will be unencrypted, and attackers could listen into traffic on the network and be able to obtain sensitive information. Use 'https://' instead."
f563192a07755a4d7278b4888ade1a20,original,python,1,27,5,files.python.rules.flask.security.audit.debug-enabled,"Detected Flask app with debug=True. Do not deploy to production with this flag enabled as it will leak sensitive information. Instead, consider using Flask configuration variables or setting 'debug' using system environment variables."
f65c4c09f07f017ce0dcb8dfa9e8ac06,original,python,0,31,5,files.python.rules.flask.security.audit.debug-enabled,"Detected Flask app with debug=True. Do not deploy to production with this flag enabled as it will leak sensitive information. Instead, consider using Flask configuration variables or setting 'debug' using system environment variables."
f6c89310cc3687bb96103accf9e6ba97,original,python,0,3,1,files.python.rules.lang.security.use-defused-xml,"The Python documentation recommends using `defusedxml` instead of `xml` because the native Python `xml` library is vulnerable to XML External Entity (XXE) attacks. These attacks can leak confidential data and ""XML bombs"" can cause denial of service."
f6c89310cc3687bb96103accf9e6ba97,original,python,0,65,24,files.python.rules.lang.security.use-defused-xml-parse,"The native Python `xml` library is vulnerable to XML External Entity (XXE) attacks.  These attacks can leak confidential data and ""XML bombs"" can cause denial of service. Do not use this library to parse untrusted input. Instead  the Python documentation recommends using `defusedxml`."
f75a9c4abdc6d4865bfea115844d5044,original,python,0,29,14,files.python.rules.lang.security.use-defusedcsv,"Detected the generation of a CSV file using the built-in `csv` module. If user data is used to generate the data in this file, it is possible that an attacker could inject a formula when the CSV is imported into a spreadsheet application that runs an attacker script, which could steal data from the importing user or, at worst, install malware on the user's computer. `defusedcsv` is a drop-in replacement with the same API that will attempt to mitigate formula injection attempts. You can use `defusedcsv` instead of `csv` to safely generate CSVs."
f88339c342373456a900050f1ac35f74,original,python,0,13,19,files.python.rules.lang.security.deserialization.avoid-pickle,"Avoid using `pickle`, which is known to lead to code execution vulnerabilities. When unpickling, the serialized data could be manipulated to run arbitrary code. Instead, consider serializing the relevant data as JSON or a similar text-based serialization format."
fa64968220b0836ef6a36849e39a2109,original,python,0,50,5,files.python.rules.lang.security.audit.dangerous-subprocess-use-audit,"Detected subprocess function 'call' without a static string. If this data can be controlled by a malicious actor, it may be an instance of command injection. Audit the use of this call to ensure it is not controllable by an external resource. You may consider using 'shlex.escape()'."
fa64968220b0836ef6a36849e39a2109,original,python,0,50,36,files.python.rules.lang.security.audit.subprocess-shell-true,"Found 'subprocess' function 'call' with 'shell=True'. This is dangerous because this call will spawn the command using a shell process. Doing so propagates current shell settings and variables, which makes it much easier for a malicious actor to execute commands. Use 'shell=False' instead."
fb4d922618776fa0438869c5dde76085,original,python,5,4,14,files.python.rules.lang.security.use-defusedcsv,"Detected the generation of a CSV file using the built-in `csv` module. If user data is used to generate the data in this file, it is possible that an attacker could inject a formula when the CSV is imported into a spreadsheet application that runs an attacker script, which could steal data from the importing user or, at worst, install malware on the user's computer. `defusedcsv` is a drop-in replacement with the same API that will attempt to mitigate formula injection attempts. You can use `defusedcsv` instead of `csv` to safely generate CSVs."
fc457349783c265b107602e6fc55e323,original,python,1,27,15,files.python.rules.lang.security.audit.insecure-transport.ftplib.use-ftp-tls,The 'FTP' class sends information unencrypted. Consider using the 'FTP_TLS' class instead.
fc457349783c265b107602e6fc55e323,original,python,1,42,15,files.python.rules.lang.security.audit.insecure-transport.ftplib.use-ftp-tls,The 'FTP' class sends information unencrypted. Consider using the 'FTP_TLS' class instead.
fe19cecbd6fa8c44dd3c599d197db42b,original,python,0,9,22,files.python.rules.lang.security.audit.insecure-transport.requests.request-with-http,"Detected a request using 'http://'. This request will be unencrypted, and attackers could listen into traffic on the network and be able to obtain sensitive information. Use 'https://' instead."
fed37448eaeec1ce1ab804a7ab4b6f74,original,python,0,10,1,files.python.rules.lang.security.audit.dangerous-spawn-process-audit,Found dynamic content when spawning a process. This is dangerous if external data can reach this function call because it allows a malicious actor to execute commands. Ensure no external data reaches here.
ff324521bed36d334a7759a939b9c446,original,python,1,5,5,files.python.rules.lang.security.deserialization.avoid-pickle,"Avoid using `pickle`, which is known to lead to code execution vulnerabilities. When unpickling, the serialized data could be manipulated to run arbitrary code. Instead, consider serializing the relevant data as JSON or a similar text-based serialization format."
ff6962c505ac4cd6cb91c83b7df9a8ec,original,python,2,1,12,files.python.rules.requests.security.disabled-cert-validation,Certificate verification has been explicitly disabled. This permits insecure connections to insecure servers. Re-enable certification validation.
ff6962c505ac4cd6cb91c83b7df9a8ec,original,python,4,4,25,files.python.rules.lang.security.audit.insecure-transport.requests.request-with-http,"Detected a request using 'http://'. This request will be unencrypted, and attackers could listen into traffic on the network and be able to obtain sensitive information. Use 'https://' instead."
ffd419e830ad6708b144ce94e713082e,original,python,1,13,26,files.python.rules.lang.security.audit.insecure-transport.requests.request-with-http,"Detected a request using 'http://'. This request will be unencrypted, and attackers could listen into traffic on the network and be able to obtain sensitive information. Use 'https://' instead."
